Owner_id,Unit_id
1,4035
2,8217
3,5464
4,4818
5,2323
5,38
6,4525
7,1864
8,1044
8,953
9,4459
10,8915
11,8617
11,5509
11,8974
12,5371
13,3795
14,4989
15,1190
19,7174
20,1107
21,5401
22,2456
23,4847
24,3355
25,6614
26,5372
27,935
28,6298
29,1592
30,4094
31,7489
33,449
34,3589
35,519
36,7351
37,1038
37,5167
38,8900
39,1520
39,1195
40,5754
40,456
40,7807
41,3027
43,4129
44,6892
45,3156
46,6156
46,3895
46,276
47,7367
47,6401
48,4060
49,5139
50,4202
52,6339
53,3827
54,1627
54,3075
54,7736
55,4986
56,6633
57,3484
58,2284
59,8835
60,4270
61,1175
62,7213
63,2670
63,8897
63,7074
64,1359
65,8213
65,5990
66,990
66,2967
67,8980
68,3196
69,8162
69,3577
70,6734
71,5793
72,4634
72,6971
72,7112
74,1629
75,786
75,4442
76,629
77,8457
78,2833
79,3231
80,6919
81,3963
81,545
82,7657
82,5412
83,2441
83,5222
85,8151
86,5444
87,123
88,4030
88,6155
89,5165
90,8726
91,4505
91,4488
91,3059
92,6949
93,2280
94,5552
94,4536
95,5486
96,5047
97,8221
98,1253
98,1981
99,7298
99,806
100,3136
101,2831
101,1267
102,3531
103,632
104,7984
105,2567
106,2832
107,2848
107,8333
109,8691
110,731
110,8143
111,3101
111,8529
111,3837
112,6531
113,5450
115,6465
115,8755
115,2243
116,6252
116,325
116,4000
117,8211
117,185
118,8197
119,2079
121,7137
122,7882
123,1383
124,2266
125,3629
125,2816
126,2649
126,4248
127,4714
128,1963
130,5842
130,8552
130,5813
131,5524
132,4378
133,8314
134,1768
134,4210
134,7436
135,5018
136,3977
136,6235
137,8324
138,7425
139,6993
140,1014
140,8170
141,3537
142,8069
143,2537
143,3579
144,998
144,2624
144,7842
146,4097
146,8568
147,6119
147,4910
147,5860
148,1777
148,4317
149,1665
150,7998
151,8632
152,735
152,4120
154,5774
155,5663
155,3333
156,2117
156,2293
157,3480
159,4549
160,8953
161,3952
161,675
161,4507
162,1041
162,6395
163,3194
164,4023
165,310
167,8994
167,1373
168,7685
168,7340
168,6335
169,7193
170,7659
171,7041
172,2641
172,4399
173,2115
174,7768
175,709
176,690
177,8801
178,4383
178,1128
179,4713
180,5247
180,3577
181,7561
181,4008
182,6763
182,3316
183,8087
184,3930
186,5517
186,4785
187,4200
188,8067
188,8100
188,5632
189,5910
189,4625
190,8066
190,281
191,5950
192,5056
193,5625
194,1064
195,4997
196,5952
198,865
199,2745
199,2069
200,5631
201,6921
202,6737
204,7495
205,5243
206,4697
206,6052
207,6145
208,8678
208,2467
209,8838
210,3980
210,4850
210,8776
211,1401
211,6493
212,8690
213,7322
214,4999
215,1577
215,4002
215,482
216,6679
217,705
218,5810
219,4474
220,4243
220,624
221,2339
222,4164
223,4785
224,4036
225,1013
225,791
226,7142
227,2517
228,1903
229,5727
230,2112
231,8139
231,8035
232,8185
232,7517
232,5287
233,3626
234,106
235,7905
236,8608
236,1521
237,6751
238,5478
239,6310
240,469
241,3693
242,7411
243,147
244,4955
244,4624
245,1932
245,2977
246,1417
247,808
247,2423
247,6079
248,8815
248,8590
249,5292
250,2289
251,8762
252,1867
253,8602
253,6355
254,6140
254,8034
255,1805
255,4282
255,1871
256,7623
256,4226
256,5175
257,3744
258,2124
258,3222
258,265
259,2246
259,2361
259,1783
260,1875
261,5723
261,1915
262,2229
263,4983
263,6630
264,8892
264,1698
265,953
265,5301
265,2055
267,1480
268,7366
269,4700
270,4099
271,7074
272,5182
272,5284
272,6140
273,8058
274,4085
275,3643
276,1482
277,5917
278,6231
279,6288
280,7609
282,7035
283,8240
284,6497
285,8260
286,6209
287,3631
287,2949
288,2124
289,482
289,8157
290,2805
290,2330
290,1873
291,4639
291,8484
292,4824
293,6130
294,5506
295,6922
295,836
295,4125
296,8414
296,5442
297,6701
297,7952
298,5922
298,3690
299,4381
300,6226
300,4134
301,1047
302,3179
302,3111
303,7291
304,1176
305,7553
305,6087
305,6043
306,4290
307,1110
308,568
309,32
309,6858
310,4619
312,6844
313,3392
313,726
314,8100
315,2450
315,5042
315,7228
316,6123
316,2604
316,5243
317,8293
318,6971
318,3197
319,6761
319,3498
320,6036
320,3761
321,2114
322,408
323,7549
323,4084
324,7617
324,1870
325,7531
326,8695
326,8546
327,2342
327,5268
328,3895
328,6536
329,3339
329,2838
329,206
330,2483
331,7234
332,2815
333,5126
334,4096
335,2414
335,8814
335,5100
336,3955
336,3637
337,6208
338,8006
339,1826
340,7858
341,2390
341,3242
342,3222
343,6255
344,8839
344,8028
345,7657
345,6599
346,864
347,1080
348,7979
348,4403
349,5209
349,4732
349,1555
350,6081
351,2022
351,7247
352,4814
352,7060
353,7874
354,403
355,2731
355,1013
355,1336
356,8262
357,2916
357,6251
358,234
359,6592
360,4020
362,8455
363,7608
363,6078
364,767
365,8732
366,2284
367,2566
368,2080
368,5336
369,2928
369,8375
370,1984
371,3114
372,1683
372,596
372,4270
373,2499
373,3932
373,5781
374,1714
375,4245
377,532
378,4302
378,4633
379,7101
379,7414
380,1118
380,2904
380,4947
381,8661
382,20
383,1683
384,3163
385,8158
386,8385
387,8745
387,5000
388,4745
388,8780
389,2326
389,352
389,5037
390,290
391,3977
391,7747
392,8880
393,5902
394,7629
395,3316
395,6402
396,883
396,2341
397,2289
397,22
398,2997
399,2945
400,3477
401,1532
401,2000
402,3181
402,5912
403,6781
404,2803
405,5308
406,7273
407,8066
407,4043
408,4791
409,8314
410,7401
410,3336
412,2726
413,2177
413,2423
413,2854
414,5854
414,8089
415,5206
416,2540
417,6051
418,7423
418,8488
419,5702
419,5163
420,6413
421,6569
422,6362
423,4707
424,3392
425,3673
426,3174
426,8456
427,3356
428,3048
429,151
429,7530
430,4474
430,3267
431,714
433,5299
434,8861
435,2539
436,1281
436,1906
436,1986
437,2262
439,913
439,7713
440,8317
440,3394
440,4399
441,3682
441,6736
442,4423
442,6725
443,8068
444,3908
445,2090
445,2459
446,206
446,7201
447,2997
448,4553
448,6769
449,2410
450,1948
451,3054
452,8048
453,8889
453,6192
454,4562
454,5637
454,4133
455,3872
456,7178
457,218
457,2248
458,2256
459,5255
460,3872
460,1280
461,3765
462,2242
463,1383
463,5650
463,2141
464,3175
465,1679
466,6794
467,1161
468,5238
469,1675
469,2153
470,3981
471,7381
472,6537
472,1280
472,2874
473,5976
474,4547
475,4857
476,432
476,4864
477,2469
477,2088
478,1253
478,6097
479,148
480,8155
481,1765
482,8890
482,4495
483,4085
483,7977
483,3592
484,5170
485,1041
486,2044
487,8610
488,6954
489,767
489,8438
490,4250
490,3649
490,1722
491,935
492,6289
493,2201
494,32
494,3017
494,6521
495,7721
495,2804
496,3225
496,7659
497,2516
498,3867
498,1956
499,530
499,4636
500,1212
501,2080
501,2582
501,2025
502,8209
502,5124
502,4930
503,8829
504,7227
504,5870
504,1982
505,3772
506,7559
507,8712
508,1340
509,4471
511,4589
512,8780
513,2436
513,7894
515,1338
515,2356
516,637
517,3905
518,5996
519,657
519,7905
520,1045
521,864
521,4816
522,6319
522,2404
522,5178
523,2921
524,2393
525,925
526,6973
527,2767
528,8973
529,1298
530,2466
531,8394
532,5531
533,7525
533,5877
534,2055
534,2398
535,2005
536,3785
537,4983
538,735
538,4409
539,6587
539,3786
540,1261
541,2172
542,1752
543,4459
543,8223
544,4540
545,1597
545,1180
546,8727
546,1201
547,6433
547,5101
548,8509
548,1235
549,951
551,8941
552,2378
555,7790
556,2854
556,3597
557,5022
559,887
560,8310
561,1841
561,4618
562,6337
562,5319
563,1419
564,7969
564,6067
565,3583
566,1652
567,8444
568,6240
568,1866
568,5403
569,1735
569,1468
569,2322
570,2709
570,5733
571,5381
572,5437
573,8955
574,5878
575,2628
575,8607
576,4394
576,6154
577,7543
578,1880
579,7717
579,3448
580,4387
580,2000
581,7193
582,895
583,8961
584,402
585,8567
586,8030
587,8807
587,6084
588,646
588,276
589,1236
589,4965
590,6620
590,3383
591,5515
592,6107
594,4937
595,3510
596,3326
597,3808
598,5114
598,4379
599,5699
599,4994
599,3217
600,4053
601,4333
601,5005
602,2470
602,3452
603,5932
604,5569
605,3471
606,538
609,4993
610,615
611,1478
612,8271
613,805
613,7714
613,899
614,7391
615,5356
615,3061
616,4134
617,508
617,29
618,8016
619,1672
619,2572
620,3291
621,1453
622,6925
623,4641
624,2309
625,2318
626,7887
627,4475
627,4597
628,5728
630,1919
630,2860
630,6963
631,1673
631,1029
631,1437
633,7074
633,8535
633,474
634,6842
634,7513
635,2927
636,1067
637,6381
637,3200
638,540
638,6228
639,60
639,3593
640,3665
641,6774
641,6736
642,6588
643,697
644,2637
644,546
645,5671
645,5728
646,4705
646,7020
647,6916
649,7193
650,3063
651,2342
651,4956
651,8137
652,5872
653,2986
653,4806
653,8413
655,1185
656,5581
656,2030
656,246
657,3395
658,1754
659,683
660,6617
661,875
661,1691
662,1920
662,2436
663,7469
664,8936
665,5479
666,7963
667,6828
669,2885
669,4723
669,441
670,6057
670,8649
670,3752
671,5341
672,8253
673,5303
674,5769
674,6651
674,6263
675,1533
675,2126
677,3871
677,3471
677,3842
678,8486
679,4153
680,8361
680,1261
680,2275
681,1934
682,5016
683,7690
684,391
685,5602
685,1227
685,1305
686,4955
687,2278
688,7902
690,4590
690,2696
691,477
692,5532
692,1892
693,5972
695,6125
696,229
696,832
697,3314
698,1654
698,5102
699,3032
700,2187
700,4858
700,4830
701,5096
702,5914
703,5884
703,3749
703,8289
704,6010
704,8041
705,3566
705,6822
706,7195
707,6885
708,584
709,5011
709,6359
709,8555
710,3725
710,1674
711,6356
712,4452
713,6950
714,4649
714,1293
715,1297
716,2639
717,608
718,4651
719,1268
719,3028
720,3983
720,73
721,2519
722,7510
723,1139
723,4620
724,1962
724,1497
725,8729
725,7578
725,775
726,8816
727,88
728,1716
730,1443
731,6072
732,8755
732,2812
733,2034
734,7845
734,8054
735,4860
735,4215
736,1010
738,2448
739,2386
740,5881
741,8853
741,1895
742,6196
743,2459
743,1314
743,8698
744,2514
745,1354
745,3182
745,8884
746,6987
746,7761
747,3904
748,5941
748,2279
749,1820
750,6987
751,2623
751,5256
752,8868
753,4735
753,4142
754,5133
755,2207
756,8653
757,6852
757,2344
758,3325
759,3696
760,3035
761,3534
762,1454
762,4433
763,4978
764,5252
764,1440
764,2843
765,3940
766,148
767,7207
768,5824
768,593
769,1461
769,6795
771,8265
772,7031
773,4878
773,7498
774,5195
774,7629
775,5401
776,7701
776,8853
777,1061
779,6174
780,7110
781,6521
782,2575
783,7903
784,6114
786,8703
786,5181
787,7707
788,1147
788,7188
789,5
790,8626
791,2168
793,1954
793,2389
793,981
794,1026
794,2758
795,2438
795,8755
796,8656
797,7468
798,3403
799,245
800,8140
801,6413
801,2168
802,8853
803,7350
803,3085
804,3653
805,8807
806,7316
807,6617
808,3385
809,4709
810,3776
812,6593
813,5916
814,4518
814,6817
815,697
816,2549
817,105
817,2695
818,394
818,3016
819,5457
819,5273
819,8664
820,6573
821,408
821,3739
822,2875
822,4693
823,6787
824,2622
824,6891
825,7248
826,6265
827,6226
827,2473
828,5738
829,8899
830,2574
831,7863
831,6742
832,2421
833,8250
835,8871
835,6128
836,1495
837,2491
838,4466
838,5673
839,4596
840,3787
841,3704
842,8023
843,8860
844,3405
845,4417
845,3094
846,4965
848,581
848,1060
850,3532
850,6561
851,2214
852,5823
853,8769
854,885
855,356
856,7390
857,7815
857,6372
858,7132
859,6557
860,2406
860,5514
861,1284
861,6367
862,43
863,2845
864,2807
864,7378
865,2148
867,7670
868,4191
869,7169
870,5800
871,342
871,280
872,1740
873,4737
874,4150
874,7318
874,6243
875,8139
876,8293
877,4284
878,7829
878,732
879,4742
879,4197
880,271
881,8182
881,4089
882,2737
883,8804
883,741
884,4647
884,5300
885,4146
886,2561
886,8790
887,2702
888,2660
888,340
889,3993
891,354
891,733
892,5223
892,6520
893,4327
893,3188
894,3797
894,2326
895,2193
896,2648
896,1128
897,2739
898,254
899,2
900,3562
900,1323
901,5779
902,8923
903,8802
903,7668
904,3802
904,609
904,5602
905,2295
906,917
906,4025
907,7323
907,4226
907,7047
908,2767
908,6685
908,7169
909,3149
910,3945
910,7143
911,2540
912,8900
913,8550
914,1905
915,116
915,7521
916,853
917,2787
917,875
918,3039
919,8885
920,8379
921,348
922,2829
923,341
924,7993
925,8783
926,1456
927,5025
927,914
928,949
929,1203
929,7792
930,5481
931,5568
931,8251
932,4257
932,8022
933,7740
934,1816
935,8184
936,2394
937,7139
937,841
938,8466
938,8059
938,7411
939,2574
939,8688
940,1618
940,8333
941,3829
942,4139
943,58
943,8167
943,1105
944,1878
944,6001
946,8628
946,897
947,4065
948,2319
949,5522
950,1142
951,8883
951,2972
952,7880
953,2235
954,7923
955,4802
955,2549
956,2454
957,6055
957,7618
959,5301
960,939
961,510
961,4078
961,8391
962,5903
962,1487
963,8147
964,1059
964,7036
965,6109
965,1365
966,4226
967,4412
967,7375
968,4109
969,1477
969,5847
970,4076
971,4777
971,4794
971,2916
972,7759
972,3864
973,5868
974,2308
976,4441
977,4932
978,6956
979,4275
980,2304
981,4105
982,6548
982,2072
983,4185
983,3670
984,2182
985,2496
986,2178
986,4157
987,3902
988,1605
989,2983
990,4783
991,2480
992,4077
993,6426
994,2183
995,4259
996,185
996,636
997,5038
998,8298
999,6813
1000,161
1001,1409
1002,7801
1002,535
1003,4517
1004,1891
1005,563
1005,6963
1006,2275
1006,1495
1007,6295
1007,1955
1008,5955
1009,1216
1009,6184
1010,3669
1010,147
1011,4750
1012,2346
1012,2128
1013,3858
1014,2303
1015,7499
1015,3227
1016,3950
1017,5281
1018,7815
1019,4417
1019,8202
1020,4023
1023,1371
1024,6468
1024,8353
1025,5166
1025,6772
1026,6411
1026,6844
1026,2329
1027,1343
1027,1478
1027,7224
1028,5291
1028,1585
1029,6973
1030,5267
1031,7348
1032,4204
1033,458
1033,1228
1034,7151
1035,755
1036,3239
1037,1083
1038,5100
1038,3860
1039,5754
1042,1711
1043,149
1044,6116
1044,1810
1045,7964
1047,7773
1048,4291
1049,3142
1049,8724
1049,7192
1050,2676
1050,6965
1051,1280
1053,8581
1053,326
1055,1600
1056,8027
1057,8552
1058,4064
1058,827
1059,652
1060,8553
1060,2421
1061,6178
1062,6831
1063,8252
1064,8061
1065,3659
1065,2971
1065,446
1066,3746
1066,1955
1066,4108
1067,960
1067,4977
1068,5568
1069,8927
1070,6140
1072,1672
1073,6799
1073,2142
1075,1384
1075,6904
1076,6297
1076,7393
1077,5432
1077,3623
1078,4303
1078,4117
1079,5919
1079,6637
1079,1777
1080,3426
1081,8148
1081,3046
1082,1349
1083,5601
1084,8704
1084,2331
1085,3836
1085,2789
1086,3077
1087,8586
1088,4395
1088,619
1088,4530
1089,8197
1089,1180
1090,3407
1091,8394
1091,8411
1091,3821
1093,8903
1094,7448
1094,6048
1095,5900
1096,6659
1097,4660
1098,7365
1099,375
1099,3678
1100,7828
1100,6290
1100,7976
1101,4698
1102,5875
1103,8071
1103,1728
1104,1124
1104,3430
1106,1478
1106,5337
1106,4942
1107,1778
1108,8395
1109,615
1109,8969
1109,8028
1110,1847
1111,7024
1111,1159
1111,3242
1112,6293
1113,525
1113,3545
1114,7501
1115,3707
1116,86
1117,2916
1118,4507
1120,7070
1121,3299
1121,3391
1122,8287
1123,6047
1123,5527
1123,3311
1124,8754
1125,1253
1125,500
1126,2085
1126,1042
1127,4936
1127,5817
1128,8836
1129,6423
1130,3484
1130,5967
1130,2298
1131,4772
1132,6869
1132,2266
1133,529
1134,2704
1135,8133
1136,4923
1136,8295
1137,7696
1138,7357
1139,8433
1140,7016
1141,3543
1142,5948
1143,7607
1143,6049
1144,4967
1145,7782
1146,5870
1146,7023
1147,1987
1147,3160
1148,524
1150,7531
1150,4669
1150,8221
1152,3617
1153,5710
1153,1847
1155,2312
1155,2339
1156,5728
1157,2051
1157,2838
1158,2576
1158,4789
1160,4369
1161,1136
1162,5168
1163,3618
1164,8156
1164,1148
1164,1280
1165,7161
1166,1727
1167,7643
1167,941
1167,6565
1168,218
1169,8341
1170,2634
1171,8757
1172,8213
1173,4349
1173,7760
1174,1283
1175,7999
1176,949
1177,2067
1178,4679
1179,7487
1180,5122
1181,3840
1182,1205
1183,2946
1184,1992
1184,6990
1184,7730
1185,3936
1185,2220
1186,4837
1187,5552
1188,5294
1188,6286
1189,6930
1190,446
1190,4612
1191,1079
1192,4230
1193,6496
1194,237
1194,7060
1196,2088
1197,6532
1197,8702
1197,6121
1198,2981
1199,4870
1199,7134
1199,4692
1200,3423
1201,498
1201,5801
1202,8791
1202,1679
1203,1783
1204,4032
1205,6801
1205,70
1205,8253
1206,1854
1207,505
1207,1155
1208,211
1209,5035
1210,7414
1211,6278
1212,8748
1213,1037
1214,8396
1215,674
1216,6708
1217,6964
1218,151
1219,3608
1220,6196
1221,7898
1222,552
1223,6347
1224,7379
1225,8161
1225,727
1226,3178
1227,4112
1228,7164
1228,2553
1228,898
1229,7858
1230,5274
1231,7240
1232,8552
1233,6477
1234,3782
1235,4810
1236,8152
1236,387
1236,3631
1237,3490
1238,1241
1238,37
1240,6995
1240,6570
1241,5604
1241,4462
1241,272
1243,7040
1243,7676
1243,402
1244,6838
1245,6204
1246,4396
1246,5653
1247,5797
1248,3078
1249,1088
1250,7469
1251,4779
1252,7765
1252,6359
1253,6025
1254,2437
1256,3808
1257,2850
1258,2590
1260,8079
1261,5970
1262,4943
1262,2438
1262,5368
1263,232
1264,4464
1264,8624
1264,3387
1266,3732
1267,3888
1268,8658
1269,2267
1269,8568
1270,3889
1270,4420
1271,2076
1271,4577
1272,4633
1272,5292
1273,1883
1274,7606
1275,8533
1275,6459
1276,1792
1277,1172
1278,7071
1278,6560
1279,998
1280,33
1281,4031
1281,2003
1281,6008
1282,4805
1283,5192
1284,1123
1285,4969
1286,4419
1286,5700
1287,6482
1288,8846
1288,4339
1288,8207
1289,863
1290,7806
1291,8080
1291,5462
1292,2334
1293,900
1294,8944
1295,272
1296,7726
1296,6164
1296,159
1297,5517
1298,2946
1298,6375
1298,3804
1299,6530
1299,3482
1300,3227
1300,4803
1300,6766
1301,3442
1302,3638
1302,6022
1303,5891
1304,5804
1305,5195
1305,4471
1306,7455
1307,4546
1307,8674
1308,4637
1308,3903
1309,7749
1309,3169
1310,2385
1310,6721
1310,8798
1311,6350
1312,2389
1313,2466
1314,5852
1315,7511
1316,4704
1317,4454
1318,4504
1319,4962
1319,7375
1320,884
1321,7756
1322,7790
1323,3633
1323,5655
1323,6711
1324,1499
1325,60
1326,8034
1327,6077
1328,3083
1329,44
1329,4979
1330,4509
1331,353
1331,1705
1332,8763
1333,4649
1334,4015
1335,6700
1336,4065
1336,971
1337,1612
1337,1842
1338,4478
1338,6900
1338,5507
1339,6204
1340,5002
1340,7483
1341,7333
1342,524
1343,5607
1344,651
1344,1054
1345,8713
1345,943
1346,2133
1347,7327
1348,7102
1349,5650
1350,5855
1351,1927
1353,2589
1353,7339
1354,2302
1355,8275
1355,1011
1355,4782
1356,4248
1357,6309
1358,4633
1359,4570
1360,7211
1361,6564
1361,3696
1362,1609
1363,1730
1364,466
1365,5263
1366,7341
1367,6212
1368,640
1369,2600
1370,8759
1370,1806
1371,2837
1373,7498
1373,4094
1374,4331
1374,324
1376,5146
1376,4207
1376,3088
1377,2645
1378,2386
1379,6542
1380,3752
1381,4684
1382,8036
1382,5821
1383,1921
1383,7090
1383,3978
1384,291
1384,8867
1385,7802
1386,3229
1387,3126
1388,4435
1389,2407
1389,1762
1391,540
1392,2363
1392,3685
1393,7196
1393,964
1394,1581
1395,7083
1395,2479
1396,3250
1397,262
1397,6270
1398,1282
1399,2965
1399,735
1400,4711
1401,6061
1402,2348
1402,8522
1403,7440
1404,571
1405,6764
1405,8938
1405,2386
1406,977
1406,4821
1407,5486
1408,7030
1409,8876
1411,8204
1412,4261
1412,6012
1413,1149
1414,3833
1414,5042
1414,6903
1415,1470
1416,4348
1416,3053
1418,4742
1419,238
1420,1224
1421,1619
1422,729
1423,3500
1424,8644
1424,2848
1425,5397
1425,1460
1425,1365
1426,3145
1426,4730
1427,8424
1428,1909
1428,1593
1429,1220
1429,8321
1430,6152
1432,6411
1433,50
1433,3625
1434,2618
1434,4998
1434,5747
1435,8572
1436,2404
1437,6006
1437,4885
1438,3825
1439,3311
1440,7141
1441,1499
1442,5954
1442,6187
1443,849
1444,5130
1445,2247
1445,7546
1446,5964
1447,6746
1447,1422
1448,4671
1449,3993
1450,6054
1450,6413
1451,8479
1452,4265
1453,4730
1454,3129
1455,6401
1456,7639
1457,152
1457,4915
1458,4268
1460,2212
1461,2188
1461,6322
1462,1292
1463,1711
1463,1418
1463,1027
1464,6449
1465,2912
1466,398
1467,4300
1468,551
1469,4572
1469,1713
1471,3001
1471,8475
1472,2264
1473,2204
1474,8559
1475,8836
1475,5123
1476,5747
1476,1567
1476,8011
1477,8038
1477,7820
1478,3080
1478,5612
1479,1410
1479,7328
1479,7048
1480,2270
1481,7313
1482,2761
1482,6196
1483,5675
1484,3101
1484,2484
1485,6064
1486,2504
1486,3769
1486,6191
1487,411
1488,5990
1489,527
1490,6378
1490,3968
1490,3124
1491,5335
1491,5271
1491,6282
1492,1747
1492,4743
1493,734
1493,5297
1494,3915
1495,6511
1496,3572
1496,4037
1497,3495
1497,3380
1498,5752
1499,5535
1499,5860
1502,3148
1502,3184
1504,7952
1504,3592
1504,4310
1505,8919
1506,7291
1507,6469
1508,3615
1508,696
1509,1925
1509,6088
1511,3592
1512,1768
1513,5872
1514,5980
1515,8337
1516,4251
1517,6956
1518,1741
1520,1471
1520,7896
1521,4538
1521,6051
1522,7813
1523,2446
1524,4410
1525,7529
1526,7065
1526,8465
1527,4716
1527,7256
1528,6247
1528,8089
1529,6711
1530,7090
1531,730
1532,4376
1533,7937
1534,4100
1534,7361
1534,3340
1535,1623
1536,3258
1537,993
1537,3235
1538,7970
1539,4155
1540,7008
1541,6537
1542,1299
1542,3703
1543,8191
1544,6466
1545,6996
1546,4710
1546,658
1546,4521
1547,6856
1547,173
1548,4642
1548,5564
1549,4322
1550,1934
1550,5972
1550,4674
1551,7125
1552,3547
1553,6680
1553,7189
1554,6471
1555,6456
1556,5782
1556,5640
1556,3164
1557,2521
1558,1337
1559,1077
1560,4908
1561,6828
1562,8637
1563,6407
1564,3155
1565,1565
1565,6284
1565,3360
1566,8119
1566,695
1567,5050
1567,5199
1568,3314
1568,5557
1569,1497
1570,5714
1571,550
1572,3247
1573,1458
1573,1075
1574,6973
1575,4506
1576,450
1576,5209
1577,8532
1578,1613
1578,5771
1578,7181
1579,4498
1580,3328
1581,770
1581,1000
1582,3595
1583,8572
1584,3583
1584,8700
1585,4189
1586,7733
1586,2101
1586,4927
1587,7282
1589,7597
1590,3380
1590,5653
1590,4596
1591,6831
1592,8304
1592,7029
1592,1411
1593,6326
1594,5923
1595,740
1595,5967
1596,3320
1597,4603
1597,5038
1598,977
1598,3282
1599,8807
1600,6940
1600,2074
1601,6144
1602,2633
1603,6573
1604,1351
1604,6151
1605,7910
1605,8385
1606,7089
1606,3304
1607,819
1607,6149
1608,7005
1609,585
1610,2859
1611,550
1612,2531
1613,3916
1613,3563
1613,8824
1614,5281
1615,1566
1616,3919
1616,4994
1617,2150
1618,7053
1618,4054
1620,8416
1621,5434
1621,1661
1622,3109
1622,168
1623,5206
1623,78
1624,70
1625,3266
1625,1450
1626,8741
1626,6336
1627,4268
1628,1760
1628,5931
1629,2201
1630,7070
1630,7128
1631,395
1631,920
1631,491
1632,8179
1633,8941
1634,8771
1635,2803
1635,8594
1636,1530
1636,2929
1637,8971
1637,1736
1638,6289
1639,8951
1639,8364
1640,8763
1641,3414
1642,8554
1643,3774
1643,8117
1644,2010
1645,1800
1645,2047
1646,1380
1647,5491
1648,7940
1649,3383
1649,656
1650,5397
1650,8372
1650,8203
1651,1407
1652,4507
1652,6866
1652,3582
1653,1814
1654,1118
1654,6521
1655,7708
1656,4655
1657,14
1657,4090
1657,7013
1658,6173
1659,4640
1659,7220
1660,223
1660,2803
1661,6876
1662,8459
1662,1945
1664,4230
1665,4160
1665,6193
1665,8570
1666,6740
1667,999
1669,2170
1669,2661
1670,8781
1671,8630
1672,1585
1672,4762
1673,2597
1674,8992
1675,201
1676,5838
1677,6635
1678,1534
1679,8556
1680,6156
1681,6886
1682,7986
1683,2473
1684,1240
1685,6895
1686,4221
1687,4483
1688,8589
1689,6328
1690,4112
1692,2449
1692,552
1693,5264
1694,8482
1695,8427
1696,4808
1696,4745
1697,4087
1698,5718
1699,1347
1699,5155
1700,6933
1701,7676
1702,1870
1703,2478
1703,8771
1704,5513
1705,721
1706,4853
1707,2140
1708,8931
1709,4373
1709,4686
1710,2653
1710,1391
1711,5673
1712,7922
1713,63
1713,3916
1714,694
1715,2412
1716,7359
1717,8377
1718,4287
1719,6043
1720,3208
1720,5109
1721,5448
1721,3645
1722,2585
1723,6557
1724,5620
1725,1268
1726,3159
1726,7730
1726,7511
1727,4698
1728,1632
1729,5595
1730,753
1730,5966
1731,4205
1731,4828
1732,2351
1733,7823
1734,63
1735,4109
1736,1616
1737,2464
1737,5841
1738,4366
1739,898
1740,5012
1741,3101
1742,8490
1743,1850
1743,8839
1744,2111
1744,128
1744,451
1745,2889
1746,7853
1747,3442
1747,1195
1748,4525
1748,3389
1749,877
1750,149
1751,6285
1751,2900
1752,2058
1753,7074
1754,5741
1755,486
1756,3512
1756,7897
1756,5629
1757,6956
1758,402
1758,3624
1759,508
1760,6471
1761,7119
1761,5721
1762,1444
1763,1317
1764,2686
1765,3768
1766,687
1766,1681
1767,4054
1768,5809
1769,6189
1769,5358
1769,1688
1770,60
1771,6073
1771,1123
1772,157
1773,4404
1774,7502
1775,431
1775,8195
1775,5180
1776,5691
1777,7657
1777,422
1778,7963
1778,3556
1779,1104
1779,2577
1780,775
1781,132
1781,3790
1782,6395
1782,4021
1783,1913
1783,508
1784,3716
1785,4577
1785,1222
1786,7165
1787,5862
1788,7006
1788,3723
1789,3473
1790,2391
1790,3646
1791,8051
1791,1645
1792,5201
1792,7042
1792,7013
1793,8071
1795,2251
1796,7766
1797,3332
1798,8762
1799,6780
1800,2461
1800,8485
1802,3303
1802,1907
1803,7279
1804,5157
1804,3660
1804,3992
1805,1336
1805,6477
1805,8416
1807,5467
1807,5136
1807,7893
1808,892
1808,3517
1809,7821
1810,5773
1811,3569
1812,4575
1813,3432
1814,8189
1814,2231
1814,109
1815,8054
1815,8919
1816,7168
1816,8872
1817,3773
1817,7505
1818,7302
1818,6037
1819,8024
1819,2356
1820,5871
1821,5499
1822,7464
1823,4759
1823,6596
1824,8601
1825,339
1826,7836
1827,330
1827,6316
1828,858
1828,3901
1828,6374
1830,1440
1830,1934
1831,2302
1831,1418
1832,7303
1832,5068
1832,8529
1833,8103
1834,5970
1834,4859
1835,398
1836,2978
1837,5
1838,5236
1839,5140
1839,1054
1840,4865
1841,5140
1841,5376
1843,8282
1844,8488
1845,4611
1846,6442
1847,222
1848,1938
1849,5382
1850,8068
1850,1041
1851,216
1852,1314
1853,1975
1853,3565
1853,2031
1854,8630
1855,8813
1856,2137
1856,7650
1857,2158
1857,2382
1858,3960
1859,4004
1859,5282
1860,3013
1861,4638
1861,6871
1861,6459
1862,5219
1862,8026
1863,3427
1865,879
1866,4615
1867,7880
1868,1693
1868,86
1868,770
1869,6173
1869,626
1870,3947
1870,5860
1871,5535
1872,8814
1873,1024
1874,1869
1875,8427
1876,7013
1877,2600
1878,6840
1879,650
1880,2792
1880,2316
1882,5728
1882,3217
1883,7240
1884,2132
1885,6790
1886,4875
1887,7505
1888,7722
1889,5704
1890,7113
1891,8728
1892,4927
1892,6699
1892,1352
1893,120
1893,5093
1894,5283
1895,6006
1896,1571
1896,1451
1897,5950
1897,8604
1898,1836
1899,6815
1899,2143
1900,2613
1901,101
1901,4474
1901,2580
1902,5859
1902,8915
1902,4538
1903,2426
1903,1584
1904,4864
1904,7843
1904,6557
1905,2207
1906,6873
1906,3306
1907,6534
1907,1367
1908,7841
1910,3817
1910,5339
1911,1361
1911,7133
1912,2258
1912,7669
1913,1828
1913,1715
1914,8945
1916,639
1917,5513
1918,2748
1918,7873
1919,4933
1920,843
1921,7656
1921,5716
1921,8872
1922,4018
1922,7225
1922,6367
1923,5200
1924,1565
1926,8458
1928,3099
1929,5524
1930,4987
1930,6006
1931,6126
1931,603
1932,1211
1933,7556
1934,4090
1934,8705
1935,5439
1935,7664
1936,2674
1938,6964
1938,3122
1939,556
1940,7307
1941,6974
1942,7187
1943,7673
1944,5798
1946,8813
1947,6975
1947,6643
1948,8519
1949,8978
1951,5286
1952,5740
1953,4354
1955,7304
1955,6527
1956,5910
1956,3479
1957,3337
1958,3540
1959,1896
1959,2375
1961,7744
1962,4484
1963,8520
1963,2887
1964,4730
1965,1482
1966,6505
1967,1751
1968,4942
1969,8794
1970,4733
1970,5118
1971,8717
1972,8653
1972,6948
1973,3333
1974,3705
1975,2836
1976,8806
1977,4008
1978,3272
1979,8044
1979,1114
1979,4944
1980,8887
1981,7297
1982,8454
1982,8523
1982,1139
1983,884
1984,2387
1985,3588
1985,5476
1986,8284
1987,4407
1987,1345
1988,1182
1990,1728
1991,8428
1992,6376
1993,4181
1993,4048
1994,3889
1995,8401
1996,4681
1996,5248
1996,7134
1997,8645
1998,8862
1999,7403
1999,5462
1999,4366
2000,4077
2000,2515
2000,2019
2001,6968
2003,3173
2003,2518
2004,5422
2005,8738
2005,2783
2006,6479
2006,8274
2007,8701
2009,3970
2010,1410
2011,1972
2012,1862
2012,3289
2013,7730
2014,2431
2015,5861
2016,5787
2017,2875
2018,3923
2019,8796
2020,4387
2020,3005
2021,4839
2021,8754
2021,7644
2022,5754
2022,1627
2023,7017
2023,1950
2024,4917
2025,3602
2025,7718
2027,8842
2028,5220
2028,6630
2029,6355
2030,5322
2031,5178
2032,2059
2032,3807
2033,1655
2034,5497
2035,775
2036,8613
2037,8606
2038,8944
2038,5873
2039,2342
2040,6268
2040,1468
2041,8723
2041,681
2042,7757
2043,2239
2044,8352
2045,5063
2046,4998
2046,8037
2047,3041
2048,592
2049,8743
2049,2090
2049,2968
2051,946
2052,7845
2053,5311
2054,1000
2055,6997
2055,5463
2056,535
2057,2691
2058,8169
2059,325
2060,3261
2060,1871
2061,7556
2061,1787
2062,4781
2063,5613
2064,8395
2065,5712
2066,3010
2067,8524
2068,7562
2068,478
2069,6793
2069,1505
2069,7977
2071,1772
2072,8020
2072,3090
2073,7960
2073,6346
2073,2137
2074,5162
2075,4893
2075,3092
2076,4504
2076,917
2077,6273
2078,5077
2078,3472
2078,4920
2079,8137
2079,6415
2080,8817
2081,7694
2081,1523
2082,6468
2083,6909
2084,6243
2084,1427
2085,8778
2085,6686
2086,3255
2087,530
2087,383
2088,5637
2088,4324
2088,2197
2089,3305
2090,7212
2091,5777
2091,4081
2091,7544
2092,1786
2093,3756
2094,2847
2095,715
2095,7967
2096,104
2097,5758
2097,3023
2098,7029
2099,8989
2099,4123
2100,2214
2100,7373
2100,7555
2101,5545
2102,5216
2103,6898
2104,149
2105,5091
2106,3480
2107,2752
2107,4178
2108,6014
2108,7450
2109,4314
2110,114
2111,6558
2112,4283
2113,8664
2113,1623
2114,606
2115,7153
2116,5794
2116,4214
2116,2057
2117,7998
2117,4515
2117,8089
2118,717
2118,4602
2119,6847
2119,2992
2120,4479
2120,3845
2120,3044
2121,8112
2121,8264
2122,7718
2123,3073
2123,2017
2123,2824
2124,8526
2125,3691
2126,1712
2126,5233
2126,6957
2127,3629
2128,7503
2128,8144
2129,7166
2129,1671
2129,5577
2130,343
2130,1698
2131,5149
2132,2659
2133,5848
2134,1050
2135,6500
2136,980
2137,6671
2137,7589
2137,3946
2138,7263
2139,6031
2139,4618
2139,6091
2140,8084
2140,7257
2141,453
2141,3943
2142,2671
2143,2168
2145,2336
2146,4604
2147,4213
2148,7955
2148,7857
2149,3269
2150,8360
2151,5607
2152,349
2153,6646
2154,2596
2154,14
2155,551
2155,4356
2156,6442
2156,6283
2157,1620
2158,6151
2158,6135
2160,5013
2160,1631
2161,1992
2162,8229
2163,273
2164,7808
2165,8772
2165,603
2165,1455
2166,1008
2167,6630
2168,4377
2168,2899
2169,2639
2170,2386
2171,8090
2172,616
2173,7612
2174,6494
2174,5287
2174,8232
2175,7782
2175,2481
2176,488
2177,7925
2178,7237
2178,661
2178,611
2179,6893
2180,8787
2182,3626
2183,4146
2184,3656
2185,3790
2186,7772
2187,8839
2188,7360
2189,6675
2189,8003
2189,5322
2190,8636
2191,4967
2191,7548
2192,8972
2193,1002
2194,5157
2195,6741
2195,4869
2197,3009
2197,8042
2198,7279
2198,7459
2199,822
2199,1463
2200,2741
2200,7671
2201,1466
2201,6377
2202,4941
2202,7014
2203,5874
2204,8567
2205,5597
2206,6942
2207,6362
2208,7630
2208,8731
2208,1833
2209,2728
2210,8148
2211,7382
2211,6789
2212,1774
2213,6987
2213,7109
2214,642
2214,4551
2214,5482
2215,6853
2215,4393
2216,6928
2216,3516
2217,6936
2217,8513
2218,1609
2219,3530
2220,8209
2221,3721
2222,1992
2223,6551
2225,4339
2226,7788
2227,2514
2228,8531
2229,7373
2230,2746
2230,6639
2231,4489
2232,8741
2232,5203
2232,6728
2233,6263
2234,4890
2235,2928
2235,1038
2236,5002
2238,4869
2239,5780
2240,5108
2241,500
2241,8579
2242,3929
2242,7144
2242,8824
2243,3161
2243,7371
2243,2055
2244,2021
2245,4137
2246,5303
2247,475
2247,2827
2248,1469
2249,7587
2249,7012
2249,3564
2250,1319
2250,666
2251,8856
2251,2345
2252,8671
2253,8776
2255,2066
2256,112
2256,7061
2257,2052
2258,8796
2259,1905
2259,784
2260,833
2260,4249
2260,3887
2261,3517
2261,2642
2262,8077
2263,3510
2263,1727
2263,8237
2264,6168
2264,8588
2265,5448
2266,7579
2266,1273
2267,5794
2268,1232
2269,3506
2270,2618
2271,8396
2272,1091
2273,2488
2273,5447
2274,3390
2275,2532
2275,4393
2275,4548
2276,4765
2277,2156
2278,2199
2279,8970
2280,1464
2282,4723
2283,684
2284,4036
2284,130
2285,3561
2286,2424
2287,3229
2287,5911
2288,5897
2288,3152
2288,6516
2289,8768
2290,3492
2290,7672
2291,8444
2291,8510
2291,4069
2292,6608
2292,6206
2293,4622
2294,1300
2295,2805
2296,1452
2297,5322
2298,1515
2298,3830
2299,817
2300,7898
2301,4735
2301,584
2302,727
2303,1443
2304,1309
2304,3277
2305,4712
2305,2038
2306,4739
2307,2937
2308,7247
2308,5445
2309,4956
2310,5569
2311,1691
2311,6946
2312,8888
2312,4807
2312,1076
2313,646
2314,3546
2314,5767
2315,1564
2316,8331
2316,7061
2317,8692
2318,1389
2318,7306
2319,2520
2320,50
2320,1763
2321,7098
2322,4559
2324,2971
2324,1441
2325,4528
2325,6159
2325,7886
2326,6279
2326,8555
2327,2048
2328,984
2328,4399
2329,8203
2329,85
2330,3299
2331,4586
2332,4257
2332,3067
2333,3060
2333,1176
2333,1571
2334,4205
2335,2790
2335,4667
2336,258
2337,3315
2337,5286
2337,2148
2338,4549
2338,1070
2339,1068
2340,3239
2340,370
2341,8948
2341,3237
2342,366
2343,6135
2344,1427
2345,100
2345,3394
2346,1153
2347,2875
2347,4417
2348,3614
2348,6545
2349,4932
2350,3129
2352,5682
2352,6930
2353,1582
2354,2266
2355,1480
2355,4481
2356,825
2357,1645
2357,6118
2358,8148
2358,4270
2359,4161
2360,6929
2361,1493
2362,4620
2364,1118
2365,4188
2366,3449
2367,197
2368,2773
2369,1481
2370,1892
2371,7827
2371,5702
2372,585
2373,1107
2374,2411
2375,156
2376,5773
2376,4346
2377,811
2378,7416
2379,2673
2380,2471
2380,5986
2382,4472
2382,6597
2384,2246
2385,2626
2386,987
2387,5384
2387,8099
2388,2935
2389,7938
2390,2682
2391,8842
2392,270
2392,2394
2393,3605
2394,819
2395,8655
2396,7377
2396,6260
2397,121
2398,4844
2398,7338
2398,5896
2399,1127
2400,7950
2400,2893
2401,692
2401,3867
2403,514
2403,3192
2404,1652
2405,7281
2405,8759
2406,4754
2407,4434
2408,6916
2409,1951
2410,8791
2410,298
2411,1081
2411,1383
2412,8485
2413,1871
2413,4111
2414,2861
2414,6160
2414,193
2415,7872
2415,8557
2415,2238
2416,6068
2416,6722
2417,8243
2417,3633
2418,1536
2418,8176
2419,3904
2419,2649
2420,6537
2421,2880
2422,7573
2423,7240
2424,718
2425,6842
2425,4103
2426,3153
2427,248
2427,4871
2428,7923
2429,7168
2429,7148
2429,6838
2430,5534
2430,8500
2430,3954
2431,3388
2433,5950
2433,3579
2434,2202
2435,7260
2436,263
2437,6529
2438,2313
2439,4458
2441,1702
2441,2548
2442,1090
2443,3839
2443,3815
2443,8257
2444,1045
2445,1937
2446,8064
2447,3390
2448,563
2448,78
2449,938
2449,2021
2450,7862
2451,2328
2452,8684
2453,5290
2454,1639
2454,2158
2456,8991
2457,472
2458,7711
2458,7185
2458,6480
2459,8348
2460,6077
2461,5833
2461,8310
2461,757
2462,8206
2463,2833
2464,4828
2465,8092
2466,8691
2467,4943
2468,1147
2469,4143
2469,476
2469,5781
2470,3316
2471,5677
2472,1072
2473,231
2473,8446
2473,360
2474,3267
2475,3749
2476,3081
2477,3078
2478,7705
2479,1171
2479,3878
2480,4732
2481,8551
2482,817
2482,6566
2483,2671
2484,3423
2485,4356
2486,95
2487,1902
2488,7184
2488,1174
2489,773
2489,566
2489,3579
2491,8385
2491,7705
2492,1865
2493,7706
2494,6562
2494,7594
2495,2097
2495,5977
2496,4131
2497,1326
2497,4966
2498,3
2500,8883
2500,1684
2501,8426
2503,8209
2505,4948
2506,2591
2507,8629
2507,1872
2508,2976
2509,2314
2510,3726
2510,4897
2510,342
2511,3904
2512,5072
2513,1756
2513,1109
2514,2578
2514,7920
2514,8275
2515,6446
2516,3717
2517,5345
2518,1871
2518,1757
2518,2081
2519,1622
2520,7096
2520,193
2520,403
2521,5017
2522,4232
2523,6702
2523,4667
2524,3052
2524,111
2524,4072
2525,5846
2526,7210
2526,3942
2526,8279
2527,499
2528,2898
2529,2245
2530,8033
2531,492
2531,3235
2532,478
2532,2380
2533,3523
2534,1142
2536,2577
2536,7719
2537,8574
2538,1697
2538,213
2538,4278
2539,5905
2540,929
2541,4917
2541,6348
2542,7720
2542,3364
2542,1518
2543,8821
2543,1988
2544,2481
2545,2944
2546,117
2546,4300
2547,4135
2548,2324
2549,4418
2549,4877
2550,699
2551,6516
2551,5295
2552,7324
2553,4028
2554,531
2555,349
2556,1979
2557,8504
2559,1560
2559,1028
2560,8442
2560,4471
2561,1967
2564,2896
2565,169
2565,3545
2565,7260
2566,4353
2566,3629
2567,7713
2567,5594
2568,3643
2568,1546
2568,7616
2569,1040
2570,7409
2571,8485
2572,8187
2572,4669
2573,430
2574,5520
2575,822
2576,6463
2576,5163
2577,1405
2578,3864
2579,5409
2580,6752
2580,4292
2581,3837
2582,1510
2582,6479
2583,7953
2584,1071
2584,4497
2585,2356
2586,4774
2587,1061
2587,2300
2588,3434
2589,6939
2590,7083
2590,2894
2592,7544
2593,8696
2595,3522
2596,5487
2597,6459
2597,8199
2598,6777
2599,4126
2600,1319
2601,8441
2602,4836
2603,1972
2604,7074
2605,6980
2606,1780
2606,2747
2607,1732
2608,1358
2608,3197
2609,6917
2610,3866
2610,1922
2611,3180
2611,3221
2612,5585
2614,5935
2615,7387
2615,7150
2615,5391
2616,265
2617,4810
2618,2930
2619,7079
2620,2992
2621,6719
2622,8154
2623,6628
2624,2491
2624,966
2625,5101
2626,1459
2627,3033
2628,6876
2629,1244
2629,8035
2630,357
2631,760
2632,34
2633,6747
2634,5352
2635,8787
2636,4023
2637,3389
2638,7258
2639,4678
2640,7781
2641,5014
2641,54
2641,1963
2642,1866
2643,504
2643,7215
2644,4467
2645,1623
2645,4951
2646,2160
2647,2148
2647,4182
2648,238
2649,7763
2650,1816
2651,2214
2651,4432
2651,7137
2652,4040
2653,2180
2654,7752
2655,2585
2656,7682
2657,4501
2658,5307
2659,8928
2660,4668
2661,1906
2662,5896
2663,5702
2664,8838
2664,6880
2665,8033
2665,2169
2666,5093
2667,22
2668,3178
2669,8074
2670,4573
2671,6621
2671,5031
2672,2085
2672,1355
2673,4007
2674,7318
2674,254
2674,8904
2675,8442
2675,7506
2677,4804
2678,3402
2679,1954
2680,6363
2680,5420
2681,1404
2682,2102
2683,7254
2683,3935
2683,813
2684,3873
2685,1555
2686,4946
2686,7755
2687,4819
2688,5521
2688,5621
2688,5500
2689,4222
2689,527
2689,8362
2690,1889
2691,274
2692,14
2692,314
2693,1838
2694,6580
2695,3299
2696,4253
2696,3956
2696,2024
2697,2541
2697,1351
2698,6254
2699,6962
2699,8231
2700,5139
2701,1290
2702,1410
2703,7034
2704,130
2705,7514
2705,7695
2706,4626
2707,2799
2708,5035
2708,6600
2708,7976
2710,5023
2711,8722
2712,5808
2713,7890
2713,2745
2714,3077
2714,5291
2715,1470
2715,6291
2716,4574
2718,3885
2718,5948
2718,6607
2719,6649
2719,5797
2720,2765
2721,8396
2722,5593
2723,7475
2723,3621
2724,8278
2725,5862
2726,4540
2726,8643
2727,2836
2728,6051
2729,7943
2730,128
2731,750
2733,2524
2733,2174
2734,3223
2734,5447
2734,3436
2736,4336
2736,5932
2736,7604
2737,4902
2738,2433
2739,4739
2739,2127
2739,2585
2740,8303
2741,2119
2742,7160
2742,5186
2743,8834
2744,8881
2745,2671
2746,5128
2747,287
2748,2439
2748,3108
2749,4822
2749,8908
2750,3315
2751,1297
2752,645
2753,7376
2754,6825
2755,1346
2755,3410
2755,5977
2756,394
2757,3841
2759,175
2760,7352
2760,504
2761,7961
2763,8082
2764,6625
2764,4241
2764,1158
2765,2055
2765,811
2766,1871
2767,692
2768,351
2768,1508
2768,6073
2769,537
2769,2943
2770,3941
2770,5693
2771,1498
2771,140
2773,7840
2774,2571
2774,7443
2774,3049
2775,8873
2776,7697
2776,3841
2777,1918
2777,7713
2778,7460
2779,1773
2780,2194
2781,2726
2781,7761
2781,3827
2782,3091
2782,2543
2783,4949
2784,3974
2785,53
2785,8776
2786,8368
2786,6323
2786,1180
2787,2658
2788,965
2789,1651
2790,5089
2790,7206
2791,6190
2793,5851
2794,5358
2795,2639
2796,2745
2797,5225
2798,7604
2799,7870
2800,5984
2800,5905
2801,3708
2802,23
2802,8654
2803,7728
2803,3233
2804,1963
2805,4516
2806,4650
2807,4899
2807,8039
2807,4688
2808,279
2809,7786
2810,8764
2810,7276
2811,6001
2812,4877
2813,8787
2813,3578
2814,432
2815,6725
2815,1192
2816,5298
2817,4762
2818,464
2819,5551
2820,207
2821,7964
2821,8464
2821,6034
2822,832
2822,2571
2822,1176
2823,684
2824,3963
2825,2175
2826,5042
2826,6513
2826,3293
2827,750
2828,909
2828,6289
2830,3375
2831,3333
2831,2274
2831,5213
2832,41
2833,8896
2834,8089
2835,2807
2836,7636
2837,2777
2838,8160
2839,7734
2840,2746
2841,7150
2841,8447
2841,4303
2842,8150
2842,1944
2843,7565
2845,8263
2846,4310
2846,2437
2846,2383
2847,1661
2848,3402
2849,1163
2849,3754
2849,4936
2850,8506
2851,170
2852,7248
2853,3812
2853,3867
2854,7072
2855,4354
2855,7431
2856,2852
2857,5668
2858,7340
2859,1505
2859,4332
2860,734
2860,5160
2861,7076
2862,493
2862,2880
2863,4232
2863,4557
2864,1211
2865,5064
2865,7042
2866,2887
2867,1946
2867,2868
2868,8243
2868,1954
2868,7127
2869,5494
2869,7198
2869,3526
2870,2408
2871,7105
2871,1932
2872,6277
2872,3830
2873,6314
2874,6119
2874,2707
2875,3697
2876,4119
2877,1320
2878,3966
2879,6763
2879,5770
2879,3694
2880,3916
2881,8779
2881,7816
2882,6059
2882,2547
2883,5050
2884,6672
2886,5627
2887,6308
2887,4184
2888,5548
2888,1871
2888,4718
2889,8262
2890,2646
2891,4685
2891,5228
2892,5243
2894,8488
2895,931
2896,8116
2897,7049
2897,216
2898,3316
2899,3598
2899,4205
2899,5924
2900,3597
2900,1625
2900,6183
2902,8899
2904,5694
2905,28
2906,4191
2907,6491
2908,6803
2909,209
2910,99
2910,8957
2911,6693
2911,4625
2912,8842
2913,8684
2913,1036
2914,1404
2915,6422
2915,2294
2916,8909
2917,3931
2918,2201
2918,2825
2918,7554
2919,6435
2920,8409
2920,4198
2920,1965
2921,2484
2921,6877
2922,2934
2922,3062
2923,6600
2924,7684
2925,2499
2925,1746
2926,6287
2926,5085
2927,1880
2928,1793
2929,8005
2930,8293
2931,3575
2932,2730
2932,7107
2933,3591
2934,1125
2935,616
2936,8468
2937,1155
2938,4701
2939,4347
2940,5232
2940,7920
2941,7241
2942,8303
2942,2896
2942,2191
2943,1831
2944,7537
2945,2723
2945,4758
2945,4963
2946,7055
2947,6946
2948,7265
2949,8947
2950,6338
2951,592
2952,4348
2953,8220
2954,5298
2955,7311
2956,3039
2957,4439
2958,6577
2959,8752
2959,6115
2960,3328
2960,6616
2961,4728
2961,4380
2961,5461
2962,6293
2963,2621
2966,384
2966,8179
2967,8325
2968,7895
2969,2275
2969,6621
2970,2860
2971,5147
2972,588
2973,449
2973,7192
2974,1308
2974,832
2975,4964
2976,7902
2976,122
2977,7377
2978,404
2979,8058
2979,5922
2980,8590
2980,7792
2981,3330
2981,6648
2982,611
2982,5453
2982,2014
2983,3674
2984,3596
2984,8984
2985,4127
2986,7704
2987,6702
2988,3052
2988,2156
2988,8107
2989,5548
2990,6340
2990,7882
2991,7723
2991,7522
2992,419
2993,5639
2994,2434
2995,2016
2996,4726
2997,340
2998,7281
3001,1173
3001,7266
3002,109
3003,8485
3003,2262
3003,7570
3004,5568
3005,8766
3005,8115
3005,7484
3006,2304
3007,7871
3007,1410
3008,3833
3010,3854
3010,3407
3011,8942
3013,8164
3014,7927
3015,1036
3016,35
3017,7183
3018,6231
3018,7147
3018,7541
3019,3555
3020,5710
3020,4137
3022,8948
3023,8397
3024,4193
3025,5807
3025,1291
3025,7906
3026,2327
3026,4346
3026,5211
3027,8267
3029,4157
3029,2439
3029,1436
3030,4049
3030,484
3031,4624
3032,3296
3032,5138
3033,1253
3034,5737
3035,896
3036,2092
3036,6142
3036,7009
3037,2318
3037,8641
3037,3101
3038,568
3039,6875
3040,7480
3041,8224
3041,340
3041,6429
3042,709
3043,4625
3043,2853
3044,8947
3046,6530
3047,7535
3048,873
3050,250
3051,8727
3051,5250
3052,8825
3053,7506
3053,1605
3054,6486
3055,2741
3056,179
3057,8115
3058,6513
3058,2738
3059,4637
3060,3882
3061,1545
3062,8688
3063,5964
3064,2734
3066,8331
3066,6881
3067,2309
3067,6161
3068,1050
3068,6193
3069,622
3070,6203
3071,8030
3072,6367
3074,1491
3075,3440
3076,2989
3076,2336
3077,8374
3078,6629
3079,8879
3080,3298
3081,4816
3082,381
3083,2685
3083,7543
3084,248
3085,4924
3085,5318
3086,3079
3087,4422
3088,3318
3089,5350
3090,5236
3091,5450
3092,8266
3092,2328
3093,1769
3093,2432
3094,6722
3095,7755
3096,2097
3097,5138
3098,2382
3099,3909
3100,623
3101,3165
3101,6030
3101,4726
3102,1873
3103,594
3105,1776
3106,1380
3108,3530
3108,8541
3108,8709
3109,8825
3110,2889
3110,3277
3110,7219
3111,3315
3112,3964
3113,2768
3114,2157
3115,3943
3116,3067
3117,8319
3118,1790
3119,2274
3119,7576
3120,4565
3120,1233
3121,4102
3122,5842
3123,6306
3123,1729
3123,8295
3124,5236
3125,3487
3126,5010
3127,5960
3128,4586
3128,5621
3129,3404
3129,8770
3130,481
3131,8446
3133,437
3133,6404
3134,853
3135,747
3135,6331
3137,8626
3138,160
3139,4670
3140,817
3141,4984
3142,5607
3142,8801
3143,2393
3144,6067
3145,2612
3146,5058
3146,416
3146,7189
3147,8328
3148,4965
3148,8161
3149,2926
3150,3650
3151,3760
3152,430
3153,4518
3154,3044
3155,1722
3156,1006
3156,467
3157,473
3158,6249
3158,3779
3159,5079
3159,1534
3159,5676
3160,1416
3161,5158
3161,146
3162,4959
3162,6399
3162,3565
3163,8099
3163,6364
3164,3815
3165,7262
3166,3300
3167,3915
3167,1333
3168,853
3169,7575
3170,7624
3171,8100
3172,1239
3173,7192
3174,7211
3174,3766
3175,2029
3175,4985
3176,7027
3177,7558
3178,4521
3179,7288
3179,3933
3180,6030
3181,6404
3181,1586
3182,8547
3182,5255
3183,1650
3184,8178
3185,4076
3185,4106
3186,1627
3186,1209
3187,5653
3189,3457
3189,549
3190,183
3190,7481
3191,8648
3192,3527
3193,6759
3193,6554
3194,2901
3195,1738
3196,5878
3197,3304
3197,2100
3198,1086
3199,4068
3200,5815
3201,8464
3202,7206
3203,8423
3204,6638
3205,6014
3206,2517
3207,8035
3207,732
3207,1194
3208,6082
3208,5261
3209,3164
3209,8759
3210,2201
3211,6470
3211,3056
3212,7887
3213,5700
3214,8845
3215,8755
3216,2159
3216,3669
3217,6593
3218,189
3218,4124
3219,1428
3219,3389
3220,4843
3221,6362
3221,7047
3222,5230
3223,3648
3224,742
3225,3404
3226,7016
3226,591
3226,7702
3227,2373
3228,7870
3229,5680
3230,2935
3230,3172
3231,5149
3232,8030
3232,3779
3234,2522
3234,4775
3234,2778
3235,5259
3236,8766
3237,1688
3238,4242
3239,4551
3240,6090
3240,1806
3241,5577
3241,1465
3242,396
3243,668
3245,7967
3246,3764
3246,5160
3247,2431
3247,160
3247,1821
3248,2220
3248,3423
3249,7677
3250,8204
3250,5550
3251,8374
3251,5908
3252,6849
3253,3041
3253,3019
3254,4027
3254,5699
3255,292
3255,4967
3258,2754
3259,7373
3260,1502
3260,7991
3261,2276
3263,2708
3264,6217
3265,1942
3266,2802
3267,4087
3267,7712
3268,7390
3269,3510
3269,7891
3270,1781
3270,823
3270,7215
3271,8708
3273,3387
3274,7151
3275,1976
3276,5714
3277,6403
3278,2622
3279,2016
3280,3895
3281,8552
3282,4210
3283,6374
3283,2456
3283,8105
3285,1906
3285,3441
3286,2212
3286,2629
3287,4131
3289,8922
3290,5046
3290,8354
3290,6630
3291,1196
3291,5587
3292,7727
3293,7495
3293,358
3293,6975
3294,2991
3295,8696
3296,7935
3296,1889
3296,69
3297,3054
3297,6166
3298,6640
3299,1075
3299,664
3299,4919
3300,2183
3301,5435
3302,1999
3303,3290
3304,7772
3305,5774
3306,6619
3306,6631
3306,2415
3307,7852
3307,1943
3307,4305
3308,5471
3309,3364
3310,8198
3310,1361
3311,6513
3312,3824
3313,3828
3313,6941
3313,6980
3314,768
3314,5767
3314,3644
3316,3839
3317,1882
3317,5301
3318,4671
3318,1444
3319,6190
3319,4471
3319,1288
3320,5345
3321,8323
3321,591
3321,6489
3322,4289
3323,995
3324,6580
3324,203
3324,4849
3325,8988
3326,3260
3326,1097
3327,3590
3328,7444
3329,3773
3329,8143
3329,6581
3330,7739
3331,8806
3332,5569
3332,627
3333,1383
3334,6388
3335,8977
3336,1011
3336,6968
3337,183
3338,4093
3339,4866
3340,7898
3340,3148
3341,4744
3343,6073
3344,7028
3345,1968
3346,649
3347,556
3347,3851
3348,3979
3348,7704
3349,3912
3349,3652
3350,7422
3350,704
3351,8153
3352,3036
3352,6750
3352,2549
3353,5063
3354,6748
3354,2568
3355,4957
3355,4722
3355,5200
3356,1248
3357,4280
3358,1561
3359,2577
3359,2272
3360,675
3362,3527
3363,7778
3363,123
3363,4823
3364,7645
3364,4986
3364,4037
3365,7737
3365,6904
3366,2374
3366,6495
3367,6136
3368,1158
3368,5197
3368,2682
3369,5493
3370,7158
3371,347
3372,3450
3372,863
3373,80
3373,8275
3374,4439
3374,4574
3374,5596
3375,2383
3375,2430
3376,1983
3376,5018
3377,3700
3377,5340
3378,557
3379,6908
3380,8303
3381,5922
3382,1628
3383,3391
3383,4080
3384,4148
3384,2022
3384,8923
3385,5021
3385,7047
3386,1835
3387,1618
3388,6281
3388,8443
3389,486
3390,1161
3391,2471
3392,7706
3392,4326
3393,2602
3394,513
3395,8134
3396,4497
3396,7403
3397,1918
3398,6016
3399,6772
3399,1617
3400,4337
3401,6195
3402,3352
3402,3253
3403,633
3404,2863
3405,1126
3407,6715
3408,4000
3409,2983
3410,7902
3410,8447
3410,4056
3411,6026
3412,3228
3413,905
3413,3652
3414,3370
3415,2733
3416,6012
3416,401
3417,4605
3418,7030
3418,920
3419,7591
3420,2142
3420,7476
3421,6267
3421,6118
3422,382
3422,3004
3423,251
3424,2553
3424,2417
3424,3085
3425,1765
3426,3166
3427,5892
3428,5043
3429,4080
3430,2061
3431,7461
3431,6562
3432,7840
3433,6542
3434,7035
3434,610
3434,3536
3435,2859
3436,75
3437,3188
3438,4081
3439,4102
3440,3604
3441,5590
3442,2740
3443,586
3444,2745
3444,7697
3445,4082
3446,269
3447,3811
3448,657
3449,8439
3450,7081
3451,8675
3451,276
3452,837
3453,6140
3454,5927
3454,8096
3455,2126
3456,5833
3457,8617
3458,1640
3458,8727
3460,7626
3460,6350
3460,7683
3461,7292
3461,8393
3462,1033
3463,5751
3463,1350
3463,1078
3464,1730
3464,6744
3464,2773
3465,4374
3465,733
3466,3265
3466,3106
3466,8583
3467,7811
3468,4991
3468,8828
3468,7263
3469,6637
3471,6939
3472,575
3473,1901
3474,2201
3475,149
3476,7557
3477,6716
3478,3544
3480,7577
3480,1757
3480,7570
3481,5517
3482,6645
3483,1935
3484,3893
3485,5576
3485,8349
3486,6315
3486,8480
3487,3818
3488,1793
3489,15
3490,6079
3490,3511
3490,5826
3491,1779
3491,937
3492,5744
3493,7012
3493,7254
3494,8598
3494,7639
3494,8070
3495,5769
3495,8552
3496,5810
3497,3949
3497,256
3498,6695
3498,2431
3498,820
3499,8078
3499,2558
3500,2781
3500,7287
3501,4642
3502,720
3503,2585
3504,4527
3505,3216
3505,8554
3507,1616
3507,1701
3507,4144
3508,3514
3508,7162
3509,3295
3509,1250
3510,8870
3511,8481
3512,3662
3513,7150
3514,3884
3515,359
3516,7732
3516,2712
3516,5995
3517,4338
3518,4301
3518,2522
3519,6702
3520,6770
3520,8331
3521,2940
3522,8131
3523,1464
3523,2149
3524,1556
3525,6261
3525,6820
3526,3282
3527,4011
3528,287
3529,3338
3530,8531
3530,3912
3530,6768
3531,5855
3533,6693
3534,8567
3534,2698
3534,2060
3535,6964
3535,3573
3535,7309
3536,3834
3537,8345
3538,2356
3539,3259
3539,4946
3540,1503
3541,838
3541,4992
3542,7949
3543,7949
3544,497
3544,8038
3544,2505
3545,1091
3545,6685
3546,7838
3547,8481
3548,3816
3549,7513
3549,4736
3550,834
3550,1870
3550,4012
3551,6161
3552,3825
3553,2839
3554,5385
3555,1288
3556,2612
3557,263
3558,5171
3559,7302
3560,8675
3560,5790
3561,7512
3562,7715
3562,6044
3563,6336
3564,7597
3564,7587
3565,4650
3565,1145
3566,3203
3567,4295
3568,6114
3569,3764
3569,8036
3570,5488
3570,6092
3570,949
3571,2237
3572,7520
3573,6705
3574,5227
3575,8305
3576,4716
3577,507
3578,19
3579,1552
3580,5817
3580,199
3581,2784
3582,2955
3583,2193
3583,4601
3584,975
3584,1936
3585,7373
3586,7431
3587,6719
3587,5634
3587,868
3588,8994
3588,4895
3589,3767
3590,8268
3590,7749
3590,912
3591,5083
3592,1476
3593,7575
3594,5258
3594,779
3594,8490
3595,3685
3596,8137
3597,7625
3597,3108
3597,7363
3599,4719
3599,69
3599,5846
3600,3831
3601,4692
3602,5627
3602,3631
3603,6721
3603,4847
3604,1613
3604,3042
3604,3135
3605,3319
3606,2110
3606,3645
3606,6259
3607,6930
3608,5670
3609,4528
3610,3054
3610,5008
3611,2408
3611,598
3612,3753
3613,8045
3614,5442
3614,8666
3614,2474
3615,1989
3615,4600
3616,3841
3616,4154
3617,1644
3617,6233
3618,5199
3619,333
3619,1321
3619,8972
3620,6965
3622,932
3623,3849
3624,3751
3625,6741
3625,8250
3626,2789
3626,7905
3627,5778
3628,4981
3628,8243
3628,8176
3629,6827
3629,1422
3629,1203
3630,7828
3631,4856
3632,5989
3633,8970
3634,177
3635,2755
3636,3519
3637,8455
3638,8192
3639,1373
3639,7895
3640,2419
3641,3127
3642,1712
3642,6952
3643,3244
3644,7616
3645,1210
3645,1470
3646,5233
3647,4806
3647,6522
3648,1603
3649,6249
3650,6639
3651,3915
3653,7876
3654,6649
3655,7942
3656,8769
3656,7528
3656,6882
3657,3772
3658,5434
3659,1595
3660,7894
3661,8092
3662,2068
3663,6320
3665,5309
3666,4514
3666,2672
3667,6030
3668,6982
3669,8094
3669,3526
3670,6112
3670,3037
3670,6373
3671,4707
3672,1448
3673,7152
3673,8674
3674,719
3674,3784
3675,4185
3676,4152
3677,5768
3677,8922
3678,5552
3678,8434
3678,1000
3679,1956
3680,6794
3682,5966
3683,1498
3683,4011
3684,3989
3684,3968
3685,4351
3685,3073
3686,690
3687,8594
3689,6707
3690,5909
3691,6805
3691,4070
3692,2800
3692,2712
3693,3690
3694,1174
3695,8918
3696,545
3696,887
3697,4769
3698,2015
3698,4902
3698,1016
3699,7802
3699,8861
3700,3132
3701,3168
3701,3089
3701,7762
3702,1158
3702,3966
3702,6848
3703,1903
3704,8509
3705,2889
3706,1980
3706,4624
3707,1328
3708,7174
3708,5431
3709,5441
3709,7743
3710,7387
3710,4489
3711,7260
3711,6058
3711,5439
3712,5380
3712,8433
3713,5785
3714,8438
3714,3007
3715,7417
3716,1680
3717,370
3718,3516
3719,2397
3720,6830
3721,2675
3721,5049
3722,6848
3723,5474
3723,5896
3724,6880
3725,2804
3725,8805
3727,5304
3727,6353
3727,7862
3728,5000
3729,4622
3730,1610
3730,4001
3731,7437
3731,6008
3731,5583
3732,3541
3733,2803
3734,983
3736,165
3737,4527
3738,4880
3740,6406
3740,2157
3740,2033
3741,6655
3741,6110
3742,4783
3743,4734
3744,6049
3745,7238
3746,7815
3746,3916
3746,5678
3747,2510
3748,8770
3749,3987
3750,3086
3751,1020
3753,1213
3753,6413
3753,4367
3754,2289
3755,3180
3756,4556
3756,6232
3757,294
3758,3411
3758,6283
3759,2672
3760,2808
3761,6486
3762,7415
3763,1273
3763,50
3763,7786
3764,7094
3764,1228
3765,4791
3765,3548
3765,1359
3766,4627
3766,6443
3767,4726
3768,5304
3769,7101
3770,565
3771,5769
3772,5681
3772,1003
3772,3416
3773,832
3773,7061
3773,5152
3774,7881
3774,2131
3774,5332
3775,2320
3775,3496
3776,4407
3776,8040
3777,6662
3777,5584
3778,2827
3778,4888
3778,176
3779,4495
3779,7950
3779,3560
3780,8785
3781,6530
3782,7709
3783,55
3784,2050
3784,5976
3785,8231
3786,8671
3787,585
3787,1359
3789,4881
3790,1210
3790,8763
3790,7277
3791,5050
3792,1781
3793,7846
3794,3769
3795,3462
3796,8944
3797,4556
3797,7881
3798,452
3798,30
3798,638
3799,3024
3799,2588
3800,5947
3801,4380
3802,7472
3802,6163
3802,4653
3803,891
3804,2634
3805,5838
3805,4974
3805,219
3806,5374
3807,8142
3808,7245
3808,5873
3809,8744
3809,7343
3810,7344
3811,8032
3811,1143
3812,4604
3813,5340
3814,2275
3814,4845
3815,1723
3816,7751
3817,5471
3818,2002
3819,1116
3820,3666
3820,7199
3821,2754
3822,5109
3823,8554
3824,3800
3825,7670
3826,2448
3827,6763
3827,1926
3828,8723
3829,6283
3830,8022
3830,1837
3831,3230
3832,5711
3833,4221
3833,4448
3834,8142
3835,564
3835,1677
3835,559
3836,7327
3837,5778
3838,7905
3838,670
3839,4076
3840,6479
3840,3965
3841,5304
3841,2213
3842,1586
3843,7441
3844,6528
3845,1977
3846,3833
3847,5293
3847,4248
3849,4078
3850,3450
3851,3235
3851,6894
3851,1818
3852,2002
3853,5500
3854,1564
3854,2926
3855,8355
3856,8518
3857,5680
3857,8159
3859,6349
3860,7750
3861,5149
3862,1877
3863,5994
3863,2183
3864,3980
3865,6994
3866,958
3866,1097
3867,2065
3868,8693
3868,5176
3868,999
3869,455
3871,7025
3872,6774
3873,3611
3873,2264
3874,5603
3875,219
3875,123
3876,5705
3877,117
3878,1305
3879,8569
3879,5684
3880,2177
3881,6462
3882,5516
3883,5414
3883,781
3884,6489
3885,81
3885,1208
3886,1268
3887,3580
3888,3378
3889,3395
3890,1095
3891,119
3891,2269
3891,6247
3892,8759
3893,6632
3894,6677
3894,2118
3895,4587
3896,6782
3897,617
3897,8279
3898,2743
3899,7152
3900,6876
3901,2218
3902,6221
3903,8008
3904,2663
3905,5990
3906,1753
3907,6844
3907,5789
3908,7508
3908,5543
3909,3630
3910,4971
3910,5672
3911,1540
3912,1495
3913,3843
3913,1507
3913,8828
3914,6290
3916,4989
3917,6500
3918,250
3918,3007
3918,3623
3919,5479
3921,7581
3922,6681
3922,1369
3923,149
3923,6693
3923,2321
3924,6544
3925,8487
3926,461
3928,8272
3929,2868
3929,1244
3930,2323
3931,4184
3933,6010
3934,236
3935,4406
3935,4741
3937,2221
3938,6900
3938,7618
3938,2133
3939,4077
3939,7432
3940,4220
3940,1660
3941,2842
3942,160
3943,6910
3945,3192
3945,5589
3946,7574
3947,1302
3948,1860
3949,1018
3950,8843
3951,840
3952,6607
3952,1799
3953,525
3954,2033
3955,8922
3956,7689
3956,5692
3956,375
3957,3829
3958,1893
3959,7824
3960,1734
3961,7651
3963,451
3964,6756
3965,7100
3965,8624
3966,7956
3967,981
3968,1897
3969,5241
3970,2971
3971,7609
3971,4046
3971,4595
3972,7453
3972,2748
3973,3302
3973,2629
3974,629
3975,8595
3975,4751
3976,5786
3977,4435
3977,3124
3978,416
3978,5522
3979,6289
3979,7878
3979,617
3980,8782
3981,7151
3982,8864
3982,8433
3982,2581
3983,5812
3984,6349
3985,4456
3985,4822
3985,397
3986,5257
3987,6441
3988,899
3988,3343
3989,3351
3990,7894
3991,5070
3991,2703
3991,5301
3993,1551
3993,2175
3994,3374
3994,6265
3995,7151
3995,7909
3996,7941
3997,4804
3998,524
3999,1289
3999,4442
4000,2926
4001,6879
4002,245
4003,461
4005,2923
4006,8535
4006,7805
4007,2630
4008,7243
4009,193
4009,243
4010,4970
4011,2736
4012,4419
4014,672
4015,5790
4016,2336
4016,5955
4017,7474
4017,4109
4018,4824
4019,4705
4020,7581
4021,6942
4021,3936
4022,2666
4022,403
4023,4352
4024,7736
4025,7137
4025,8294
4025,8126
4026,7557
4027,50
4028,8972
4029,4598
4030,1695
4030,6890
4031,3946
4032,7849
4033,1913
4034,8742
4035,4523
4035,3139
4036,4272
4037,271
4038,4217
4039,6342
4039,555
4040,3550
4041,4947
4042,6118
4042,2903
4043,8144
4044,3593
4045,4085
4046,6535
4046,4039
4046,8386
4048,8090
4049,6803
4049,1114
4049,182
4050,7089
4052,7898
4052,6264
4053,4283
4053,4450
4054,5941
4054,6249
4055,5509
4055,4022
4056,1679
4056,372
4057,4555
4058,2884
4058,4961
4059,5195
4060,5403
4060,8214
4060,6045
4061,6560
4062,5250
4063,8301
4064,1228
4065,5369
4066,4051
4066,1842
4066,6788
4067,2039
4068,1027
4068,1773
4070,2199
4070,2967
4070,6010
4071,7006
4071,5717
4072,6632
4072,8413
4074,1459
4074,5481
4075,1711
4075,1030
4076,1958
4077,7353
4077,5403
4078,6313
4079,3415
4080,222
4081,5896
4082,7321
4082,5537
4082,8865
4083,7699
4084,2485
4085,5530
4086,937
4088,7535
4089,1500
4089,6759
4089,5057
4090,4235
4090,1479
4091,1395
4091,7419
4092,8062
4093,5884
4094,2881
4095,6228
4095,498
4095,5628
4096,1889
4098,2422
4099,2650
4100,4505
4101,10
4102,2768
4103,8863
4104,767
4105,7105
4105,1442
4106,972
4108,8875
4109,1939
4110,7536
4110,7511
4111,5061
4111,5228
4113,3422
4113,6889
4114,8834
4114,8427
4115,3487
4115,5289
4116,2698
4116,2319
4117,4029
4118,3562
4119,5274
4119,8845
4120,8149
4120,3102
4120,5117
4121,5719
4122,50
4123,1789
4124,7882
4125,6736
4126,8831
4127,3530
4127,8969
4127,942
4128,5011
4129,8264
4130,3983
4130,2088
4130,8261
4131,2229
4132,8811
4133,6842
4134,3702
4134,5500
4135,7328
4136,6319
4137,355
4138,2071
4139,4227
4140,8167
4141,7063
4142,5867
4143,1263
4144,4406
4144,1397
4144,581
4145,3920
4145,6780
4146,8899
4147,1422
4147,1808
4148,609
4150,7889
4150,6490
4151,4630
4152,3428
4153,4788
4154,345
4155,1094
4156,7103
4157,30
4158,5180
4159,1378
4160,1946
4161,3744
4162,65
4164,339
4165,5824
4166,224
4167,3466
4168,7641
4169,308
4170,3718
4170,6002
4171,5040
4171,8434
4172,3697
4173,5602
4173,8093
4174,5460
4175,2239
4175,4092
4176,3584
4176,3001
4177,5054
4178,3460
4179,5246
4181,1725
4182,7109
4183,504
4184,6327
4186,4211
4187,7280
4188,1150
4188,2065
4189,5297
4189,1760
4190,5514
4191,8771
4191,2909
4192,1671
4192,5248
4192,5952
4193,2166
4195,2980
4196,993
4197,3650
4198,2330
4199,2787
4200,2660
4201,1182
4202,4342
4202,714
4202,1038
4203,4741
4203,6721
4204,4749
4205,4966
4205,3752
4206,2943
4207,6763
4209,5690
4209,2051
4210,7501
4211,4054
4212,2940
4212,7920
4213,1503
4214,422
4214,1972
4215,4138
4216,1747
4216,8921
4217,8595
4218,3566
4219,3616
4219,6682
4220,8432
4221,8954
4222,3941
4223,5220
4224,2246
4224,6782
4225,5500
4226,3000
4226,6986
4227,1848
4228,5976
4229,8003
4230,7236
4231,7285
4232,5945
4233,8791
4233,2197
4234,2622
4234,38
4235,5196
4236,1496
4237,5578
4237,6766
4238,948
4238,1568
4239,4641
4240,7148
4241,2706
4242,387
4243,2557
4243,4341
4244,2413
4245,6444
4246,8906
4246,2961
4246,5605
4247,2813
4247,7013
4248,4508
4249,910
4250,8396
4250,4408
4251,4677
4251,8873
4252,5160
4253,5513
4254,277
4255,3556
4256,4373
4257,8177
4258,2783
4259,989
4260,905
4261,8140
4262,8101
4263,5147
4263,8381
4264,1105
4265,8063
4265,7768
4265,7137
4266,897
4266,5491
4267,84
4268,1336
4269,8027
4270,6196
4271,8748
4272,4537
4272,2766
4273,6050
4273,1385
4274,3120
4275,1888
4276,4402
4277,7473
4277,8906
4277,3261
4278,7176
4280,6894
4280,1997
4280,1361
4281,95
4282,1985
4283,8810
4284,8588
4285,7711
4287,2674
4287,8858
4288,7204
4288,8391
4289,5490
4290,1449
4291,1926
4292,8191
4293,7659
4294,1529
4294,5357
4294,4254
4295,1059
4296,5710
4297,6284
4298,7793
4299,1281
4299,3012
4300,3524
4301,6831
4301,2849
4302,5476
4302,2897
4302,7572
4303,4597
4304,1979
4304,2542
4305,7677
4305,3868
4306,8395
4306,7584
4306,6834
4308,2927
4309,7287
4309,5333
4310,4501
4311,7951
4312,6669
4313,7579
4314,5378
4314,7999
4316,7409
4317,71
4318,2612
4319,4575
4320,4576
4321,278
4322,8212
4323,1600
4323,8833
4324,4722
4325,4107
4326,4009
4326,5038
4327,5999
4327,3377
4328,4274
4329,8791
4329,7821
4329,1210
4330,6248
4330,356
4331,8929
4332,5828
4333,1969
4333,1633
4334,7158
4334,1190
4335,7573
4335,860
4336,3656
4337,3381
4338,4854
4338,77
4339,7431
4339,4959
4340,1126
4340,7974
4341,5964
4342,2437
4342,5578
4343,2785
4344,8317
4345,2804
4347,6272
4348,2435
4349,8044
4350,5755
4350,1464
4351,5078
4351,3734
4352,5987
4352,981
4352,3462
4353,1657
4354,7164
4355,7876
4356,8776
4357,1222
4358,5691
4360,573
4361,8654
4362,2648
4363,7736
4363,1220
4364,4079
4365,8426
4366,2421
4367,2353
4368,3774
4369,3135
4370,3180
4370,41
4371,24
4372,5615
4372,3040
4373,4172
4373,7692
4374,2617
4375,4015
4376,178
4376,2395
4377,5886
4377,7931
4377,3232
4378,8580
4378,6410
4379,4635
4379,3717
4380,4153
4381,52
4381,3356
4381,6861
4382,1702
4383,2460
4384,3408
4385,8255
4386,6330
4386,3668
4387,7240
4388,1201
4389,5127
4390,2702
4391,7792
4391,8929
4392,7693
4392,5003
4393,1237
4393,5562
4394,4037
4395,143
4395,6092
4396,2556
4396,322
4397,1664
4399,4552
4400,3449
4400,5333
4400,5075
4401,3146
4402,6591
4403,7338
4404,897
4405,7191
4406,6854
4408,654
4409,5791
4410,8695
4411,5721
4412,6686
4412,4511
4413,5586
4414,8657
4414,3153
4415,358
4416,7526
4417,7647
4417,363
4417,2403
4418,1005
4418,2384
4418,3822
4419,6772
4420,4444
4420,2079
4421,7363
4421,2760
4422,6423
4422,5261
4423,7242
4423,5
4424,1316
4424,1208
4425,1816
4426,5256
4426,4309
4427,664
4427,7537
4428,6363
4429,8294
4430,7082
4430,3201
4431,6748
4432,2610
4433,6532
4434,8254
4435,8068
4436,8864
4436,1257
4436,2443
4437,228
4437,8078
4437,7140
4438,5023
4439,2641
4440,7202
4440,4769
4441,1839
4441,6164
4442,7959
4444,6332
4445,8040
4446,1081
4446,2753
4447,4303
4448,6045
4449,2009
4449,1860
4450,7788
4450,7697
4451,6793
4452,142
4452,7251
4453,4956
4454,5832
4455,3298
4456,7976
4456,2475
4457,8632
4458,7967
4459,7950
4459,2424
4459,4225
4460,7408
4461,8469
4462,1864
4464,3475
4465,1808
4465,1136
4466,6241
4467,6369
4467,6981
4468,741
4468,3513
4469,4203
4469,950
4469,772
4470,4751
4470,7300
4471,7372
4472,6122
4473,8084
4474,3193
4475,1378
4476,1044
4476,4605
4476,1742
4477,4042
4478,2008
4479,749
4480,3529
4480,6102
4481,3407
4482,3025
4482,5436
4483,3140
4484,4042
4485,625
4486,5400
4487,488
4488,641
4489,2896
4490,4614
4491,1789
4492,1557
4493,2283
4494,439
4494,172
4495,437
4495,8430
4496,8188
4496,2426
4497,970
4497,2294
4498,8174
4499,3623
4499,1967
4500,6226
4500,4360
3106,405
2882,4425
821,8340
2141,5909
2328,8836
1896,5780
1305,7025
138,2822
1875,5568
2606,6127
2146,5590
788,2362
3107,623
1971,771
3762,388
3404,5453
1963,12
650,8228
2309,3114
2400,4299
1290,4588
1259,1425
3062,3789
2017,3126
4384,5210
2021,2445
3601,6029
4328,7029
3057,5293
632,8950
3030,8675
3984,7242
2231,3609
3355,808
484,1332
865,3406
4465,5642
2455,7516
4206,8897
1843,6415
2979,4535
2804,6886
2210,7908
2720,8069
3943,6783
2588,7300
1086,4215
1840,5668
3451,8037
3593,1948
2470,1280
267,3803
4318,6300
3818,1912
1423,5180
3589,2629
1678,4793
4233,6265
3519,1245
2506,4891
4081,3632
4159,1107
2179,7748
861,7308
1364,5385
2556,4734
2012,2326
1559,8764
341,8589
2888,7281
1157,5382
4050,4438
4110,2534
1167,8224
1464,1186
4325,6200
4340,2450
1147,3570
933,2379
2255,2396
489,1909
2787,8875
1552,8711
836,5473
1886,3132
2547,6885
3311,1122
4411,4057
754,4513
3870,5371
3939,7874
4156,5512
623,3377
545,1119
1811,8415
2497,301
2384,1966
583,7716
3841,1679
3131,912
217,6860
2559,2442
950,2294
179,1295
1029,4102
316,6014
2862,476
3141,721
555,6184
2638,6889
538,2743
3865,838
3003,8445
2347,1687
2684,5506
2521,8629
4204,3622
1606,2917
2202,5770
3269,4452
95,5167
223,4567
3357,4752
2477,3811
2593,7586
1684,5187
3192,6825
865,6329
2606,6282
3442,7975
147,8482
1114,8718
4283,2285
1750,204
2619,467
2446,7164
1701,6453
374,5803
4115,6826
2597,7026
1180,8090
3129,7867
83,8264
1023,5279
1328,1181
561,5177
110,8189
1951,2082
2407,7218
2520,5565
447,4684
2949,2128
3106,5249
4199,785
1487,437
1711,3537
1083,6612
4368,5802
3760,6123
2235,7291
330,4451
2535,4397
47,4008
2690,2999
2594,8942
3696,7855
2192,5492
4005,404
3014,3383
1538,618
961,8737
1319,5928
2606,8869
3357,8209
3070,8358
2070,7980
1400,3449
305,81
3153,7934
3374,8391
3391,1987
488,2506
3903,4540
2495,271
3157,5861
253,3574
2036,3284
3973,5659
566,4647
2705,3270
749,4016
3922,1308
2506,4725
1533,6425
4294,4133
47,2453
3798,8268
3347,8986
659,2390
3190,4189
136,6453
3369,279
2006,1025
4046,5528
1132,3817
2325,2620
3841,7924
3760,3935
1746,7818
1177,2401
2675,1335
1345,8737
3000,4173
3040,5728
1357,1194
4278,2307
3801,2910
778,981
4054,2075
1701,1550
2668,4781
3532,16
1942,932
103,3050
1465,772
3998,4325
324,636
173,8097
2268,3298
70,3902
2530,4825
2004,4000
3560,3180
1343,3930
2396,5353
4206,1716
981,7778
262,1451
1740,2560
4240,1748
2749,7341
902,8858
3097,1831
459,6617
1594,4696
3004,1502
3453,1418
1536,6335
3898,3922
1490,7664
3742,7033
3297,3596
1602,7280
2793,3158
2359,660
3117,6364
993,6286
2086,4629
4320,1935
4070,3896
526,6023
4441,5212
1050,5485
1345,576
3933,5953
1551,1542
408,2376
525,2227
812,3170
3876,5995
153,4824
4091,8108
1323,1152
140,6081
3463,5836
3466,7853
300,2636
1649,5834
3604,5677
2507,6505
1111,1780
3293,2993
2360,4391
4375,3842
2668,395
2440,762
2261,5099
2518,8774
430,2329
1727,3604
3109,4483
753,3264
423,130
2758,7195
4161,8137
3841,7389
3300,1330
2452,7415
537,6205
2618,1211
3400,3196
528,1154
2561,5230
2942,3870
422,4968
3141,1016
480,4715
258,831
2194,2225
2073,8993
866,2513
448,332
3893,8624
3314,5777
2614,575
1672,4866
2441,5331
1603,6577
3000,5763
671,6760
3343,5188
2751,6548
1201,5484
798,5756
2877,7297
3666,7345
3411,2575
3227,8352
2834,4297
150,5454
4117,4241
521,4371
1367,764
2412,6967
2596,2034
927,610
3984,7592
1082,5701
450,4976
2795,8886
3941,4048
2928,1110
739,4342
3233,194
134,956
1583,6346
1476,8100
989,3226
171,8527
1812,7739
2273,1206
2123,956
3285,2919
516,1379
1386,7084
3049,911
187,5516
3812,4802
3087,184
3707,336
715,8040
1315,7334
4003,1762
4090,2557
2507,3054
692,2551
2806,7227
2096,227
3103,249
779,3344
999,8902
2019,7633
1655,4656
917,3162
1492,7302
4306,6002
1043,1740
3790,437
481,6694
1846,8358
3833,5120
2904,8131
587,886
3840,4224
3763,4939
1047,3694
3586,7936
3319,7355
3436,7027
3911,2501
3976,3665
1504,6382
3112,3568
1107,270
1387,7335
4014,3923
2336,7289
3015,8819
2181,1595
1373,6895
1510,2473
4031,6985
729,7865
681,732
3213,5245
3101,7741
2478,8999
2185,5763
199,758
3631,1032
1867,5641
4031,6927
4485,525
3752,4212
4297,1196
581,573
1127,4073
3320,290
4455,6239
3454,2158
4006,6610
740,5446
3615,4752
1807,5309
3456,2177
2537,1516
358,212
2859,2713
897,688
2480,5611
504,6468
3909,4185
2741,8917
1041,7539
2278,2798
2279,5925
3908,2921
1492,7684
2876,8547
1365,62
1209,4790
928,339
418,6541
1992,5374
1332,4857
2505,8360
1219,7909
1880,7668
1010,2
2941,2430
