owner_ship_id,owner_id,unit_id
1,1,2636
2,2,183
3,3,4093
4,4,4866
5,5,7898
6,5,3148
7,6,4744
8,8,6073
9,9,7028
10,10,1968
11,11,649
12,12,556
13,12,3851
14,13,3979
15,13,7704
16,14,3912
17,14,3652
18,15,7422
19,15,704
20,16,8153
21,17,3036
22,17,6750
23,17,2549
24,18,5063
25,19,6748
26,19,2568
27,20,4957
28,20,4722
29,20,5200
30,21,1248
31,22,4280
32,23,1561
33,24,2577
34,24,2272
35,25,675
36,27,3527
37,28,7778
38,28,123
39,28,4823
40,29,7645
41,29,4986
42,29,4037
43,30,7737
44,30,6904
45,31,2374
46,31,6495
47,32,6136
48,33,1158
49,33,5197
50,33,2682
51,34,5493
52,35,7158
53,36,347
54,37,3450
55,37,863
56,38,80
57,38,8275
58,39,4439
59,39,4574
60,39,5596
61,40,2383
62,40,2430
63,41,1983
64,41,5018
65,42,3700
66,42,5340
67,43,557
68,44,6908
69,45,8303
70,46,5922
71,47,1628
72,48,3391
73,48,4080
74,49,4148
75,49,2022
76,49,8923
77,50,5021
78,50,7047
79,51,1835
80,52,1618
81,53,6281
82,53,8443
83,54,486
84,55,1161
85,56,2471
86,57,7706
87,57,4326
88,58,2602
89,59,513
90,60,8134
91,61,4497
92,61,7403
93,62,1918
94,63,6016
95,64,6772
96,64,1617
97,65,4337
98,66,6195
99,67,3352
100,67,3253
101,68,633
102,69,2863
103,70,1126
104,72,6715
105,73,4000
106,74,2983
107,75,7902
108,75,8447
109,75,4056
110,76,6026
111,77,3228
112,78,905
113,78,3652
114,79,3370
115,80,2733
116,81,6012
117,81,401
118,82,4605
119,83,7030
120,83,920
121,84,7591
122,85,2142
123,85,7476
124,86,6267
125,86,6118
126,87,382
127,87,3004
128,88,251
129,89,2553
130,89,2417
131,89,3085
132,90,1765
133,91,3166
134,92,5892
135,93,5043
136,94,4080
137,95,2061
138,96,7461
139,96,6562
140,97,7840
141,98,6542
142,99,7035
143,99,610
144,99,3536
145,100,2859
146,101,75
147,102,3188
148,103,4081
149,104,4102
150,105,3604
151,106,5590
152,107,2740
153,108,586
154,109,2745
155,109,7697
156,110,4082
157,111,269
158,112,3811
159,113,657
160,114,8439
161,115,7081
162,116,8675
163,116,276
164,117,837
165,118,6140
166,119,5927
167,119,8096
168,120,2126
169,121,5833
170,122,8617
171,123,1640
172,123,8727
173,125,7626
174,125,6350
175,125,7683
176,126,7292
177,126,8393
178,127,1033
179,128,5751
180,128,1350
181,128,1078
182,129,1730
183,129,6744
184,129,2773
185,130,4374
186,130,733
187,131,3265
188,131,3106
189,131,8583
190,132,7811
191,133,4991
192,133,8828
193,133,7263
194,134,6637
195,136,6939
196,137,575
197,138,1901
198,139,2201
199,140,149
200,141,7557
201,142,6716
202,143,3544
203,145,7577
204,145,1757
205,145,7570
206,146,5517
207,147,6645
208,148,1935
209,149,3893
210,150,5576
211,150,8349
212,151,6315
213,151,8480
214,152,3818
215,153,1793
216,154,15
217,155,6079
218,155,3511
219,155,5826
220,156,1779
221,156,937
222,157,5744
223,158,7012
224,158,7254
225,159,8598
226,159,7639
227,159,8070
228,160,5769
229,160,8552
230,161,5810
231,162,3949
232,162,256
233,163,6695
234,163,2431
235,163,820
236,164,8078
237,164,2558
238,165,2781
239,165,7287
240,166,4642
241,167,720
242,168,2585
243,169,4527
244,170,3216
245,170,8554
246,172,1616
247,172,1701
248,172,4144
249,173,3514
250,173,7162
251,174,3295
252,174,1250
253,175,8870
254,176,8481
255,177,3662
256,178,7150
257,179,3884
258,180,359
259,181,7732
260,181,2712
261,181,5995
262,182,4338
263,183,4301
264,183,2522
265,184,6702
266,185,6770
267,185,8331
268,186,2940
269,187,8131
270,188,1464
271,188,2149
272,189,1556
273,190,6261
274,190,6820
275,191,3282
276,192,4011
277,193,287
278,194,3338
279,195,8531
280,195,3912
281,195,6768
282,196,5855
283,198,6693
284,199,8567
285,199,2698
286,199,2060
287,200,6964
288,200,3573
289,200,7309
290,201,3834
291,202,8345
292,203,2356
293,204,3259
294,204,4946
295,205,1503
296,206,838
297,206,4992
298,207,7949
299,208,7949
300,209,497
301,209,8038
302,209,2505
303,210,1091
304,210,6685
305,211,7838
306,212,8481
307,213,3816
308,214,7513
309,214,4736
310,215,834
311,215,1870
312,215,4012
313,216,6161
314,217,3825
315,218,2839
316,219,5385
317,220,1288
318,221,2612
319,222,263
320,223,5171
321,224,7302
322,225,8675
323,225,5790
324,226,7512
325,227,7715
326,227,6044
327,228,6336
328,229,7597
329,229,7587
330,230,4650
331,230,1145
332,231,3203
333,232,4295
334,233,6114
335,234,3764
336,234,8036
337,235,5488
338,235,6092
339,235,949
340,236,2237
341,237,7520
342,238,6705
343,239,5227
344,240,8305
345,241,4716
346,242,507
347,243,19
348,244,1552
349,245,5817
350,245,199
351,246,2784
352,247,2955
353,248,2193
354,248,4601
355,249,975
356,249,1936
357,250,7373
358,251,7431
359,252,6719
360,252,5634
361,252,868
362,253,8994
363,253,4895
364,254,3767
365,255,8268
366,255,7749
367,255,912
368,256,5083
369,257,1476
370,258,7575
371,259,5258
372,259,779
373,259,8490
374,260,3685
375,261,8137
376,262,7625
377,262,3108
378,262,7363
379,264,4719
380,264,69
381,264,5846
382,265,3831
383,266,4692
384,267,5627
385,267,3631
386,268,6721
387,268,4847
388,269,1613
389,269,3042
390,269,3135
391,270,3319
392,271,2110
393,271,3645
394,271,6259
395,272,6930
396,273,5670
397,274,4528
398,275,3054
399,275,5008
400,276,2408
401,276,598
402,277,3753
403,278,8045
404,279,5442
405,279,8666
406,279,2474
407,280,1989
408,280,4600
409,281,3841
410,281,4154
411,282,1644
412,282,6233
413,283,5199
414,284,333
415,284,1321
416,284,8972
417,285,6965
418,287,932
419,288,3849
420,289,3751
421,290,6741
422,290,8250
423,291,2789
424,291,7905
425,292,5778
426,293,4981
427,293,8243
428,293,8176
429,294,6827
430,294,1422
431,294,1203
432,295,7828
433,296,4856
434,297,5989
435,298,8970
436,299,177
437,300,2755
438,301,3519
439,302,8455
440,303,8192
441,304,1373
442,304,7895
443,305,2419
444,306,3127
445,307,1712
446,307,6952
447,308,3244
448,309,7616
449,310,1210
450,310,1470
451,311,5233
452,312,4806
453,312,6522
454,313,1603
455,314,6249
456,315,6639
457,316,3915
458,318,7876
459,319,6649
460,320,7942
461,321,8769
462,321,7528
463,321,6882
464,322,3772
465,323,5434
466,324,1595
467,325,7894
468,326,8092
469,327,2068
470,328,6320
471,330,5309
472,331,4514
473,331,2672
474,332,6030
475,333,6982
476,334,8094
477,334,3526
478,335,6112
479,335,3037
480,335,6373
481,336,4707
482,337,1448
483,338,7152
484,338,8674
485,339,719
486,339,3784
487,340,4185
488,341,4152
489,342,5768
490,342,8922
491,343,5552
492,343,8434
493,343,1000
494,344,1956
495,345,6794
496,347,5966
497,348,1498
498,348,4011
499,349,3989
500,349,3968
501,350,4351
502,350,3073
503,351,690
504,352,8594
505,354,6707
506,355,5909
507,356,6805
508,356,4070
509,357,2800
510,357,2712
511,358,3690
512,359,1174
513,360,8918
514,361,545
515,361,887
516,362,4769
517,363,2015
518,363,4902
519,363,1016
520,364,7802
521,364,8861
522,365,3132
523,366,3168
524,366,3089
525,366,7762
526,367,1158
527,367,3966
528,367,6848
529,368,1903
530,369,8509
531,370,2889
532,371,1980
533,371,4624
534,372,1328
535,373,7174
536,373,5431
537,374,5441
538,374,7743
539,375,7387
540,375,4489
541,376,7260
542,376,6058
543,376,5439
544,377,5380
545,377,8433
546,378,5785
547,379,8438
548,379,3007
549,380,7417
550,381,1680
551,382,370
552,383,3516
553,384,2397
554,385,6830
555,386,2675
556,386,5049
557,387,6848
558,388,5474
559,388,5896
560,389,6880
561,390,2804
562,390,8805
563,392,5304
564,392,6353
565,392,7862
566,393,5000
567,394,4622
568,395,1610
569,395,4001
570,396,7437
571,396,6008
572,396,5583
573,397,3541
574,398,2803
575,399,983
576,401,165
577,402,4527
578,403,4880
579,405,6406
580,405,2157
581,405,2033
582,406,6655
583,406,6110
584,407,4783
585,408,4734
586,409,6049
587,410,7238
588,411,7815
589,411,3916
590,411,5678
591,412,2510
592,413,8770
593,414,3987
594,415,3086
595,416,1020
596,418,1213
597,418,6413
598,418,4367
599,419,2289
600,420,3180
601,421,4556
602,421,6232
603,422,294
604,423,3411
605,423,6283
606,424,2672
607,425,2808
608,426,6486
609,427,7415
610,428,1273
611,428,50
612,428,7786
613,429,7094
614,429,1228
615,430,4791
616,430,3548
617,430,1359
618,431,4627
619,431,6443
620,432,4726
621,433,5304
622,434,7101
623,435,565
624,436,5769
625,437,5681
626,437,1003
627,437,3416
628,438,832
629,438,7061
630,438,5152
631,439,7881
632,439,2131
633,439,5332
634,440,2320
635,440,3496
636,441,4407
637,441,8040
638,442,6662
639,442,5584
640,443,2827
641,443,4888
642,443,176
643,444,4495
644,444,7950
645,444,3560
646,445,8785
647,446,6530
648,447,7709
649,448,55
650,449,2050
651,449,5976
652,450,8231
653,451,8671
654,452,585
655,452,1359
656,454,4881
657,455,1210
658,455,8763
659,455,7277
660,456,5050
661,457,1781
662,458,7846
663,459,3769
664,460,3462
665,461,8944
666,462,4556
667,462,7881
668,463,452
669,463,30
670,463,638
671,464,3024
672,464,2588
673,465,5947
674,466,4380
675,467,7472
676,467,6163
677,467,4653
678,468,891
679,469,2634
680,470,5838
681,470,4974
682,470,219
683,471,5374
684,472,8142
685,473,7245
686,473,5873
687,474,8744
688,474,7343
689,475,7344
690,476,8032
691,476,1143
692,477,4604
693,478,5340
694,479,2275
695,479,4845
696,480,1723
697,481,7751
698,482,5471
699,483,2002
700,484,1116
701,485,3666
702,485,7199
703,486,2754
704,487,5109
705,488,8554
706,489,3800
707,490,7670
708,491,2448
709,492,6763
710,492,1926
711,493,8723
712,494,6283
713,495,8022
714,495,1837
715,496,3230
716,497,5711
717,498,4221
718,498,4448
719,499,8142
720,500,564
721,500,1677
722,500,559
723,501,7327
724,502,5778
725,503,7905
726,503,670
727,504,4076
728,505,6479
729,505,3965
730,506,5304
731,506,2213
732,507,1586
733,508,7441
734,509,6528
735,510,1977
736,511,3833
737,512,5293
738,512,4248
739,514,4078
740,515,3450
741,516,3235
742,516,6894
743,516,1818
744,517,2002
745,518,5500
746,519,1564
747,519,2926
748,520,8355
749,521,8518
750,522,5680
751,522,8159
752,524,6349
753,525,7750
754,526,5149
755,527,1877
756,528,5994
757,528,2183
758,529,3980
759,530,6994
760,531,958
761,531,1097
762,532,2065
763,533,8693
764,533,5176
765,533,999
766,534,455
767,536,7025
768,537,6774
769,538,3611
770,538,2264
771,539,5603
772,540,219
773,540,123
774,541,5705
775,542,117
776,543,1305
777,544,8569
778,544,5684
779,545,2177
780,546,6462
781,547,5516
782,548,5414
783,548,781
784,549,6489
785,550,81
786,550,1208
787,551,1268
788,552,3580
789,553,3378
790,554,3395
791,555,1095
792,556,119
793,556,2269
794,556,6247
795,557,8759
796,558,6632
797,559,6677
798,559,2118
799,560,4587
800,561,6782
801,562,617
802,562,8279
803,563,2743
804,564,7152
805,565,6876
806,566,2218
807,567,6221
808,568,8008
809,569,2663
810,570,5990
811,571,1753
812,572,6844
813,572,5789
814,573,7508
815,573,5543
816,574,3630
817,575,4971
818,575,5672
819,576,1540
820,577,1495
821,578,3843
822,578,1507
823,578,8828
824,579,6290
825,581,4989
826,582,6500
827,583,250
828,583,3007
829,583,3623
830,584,5479
831,586,7581
832,587,6681
833,587,1369
834,588,149
835,588,6693
836,588,2321
837,589,6544
838,590,8487
839,591,461
840,593,8272
841,594,2868
842,594,1244
843,595,2323
844,596,4184
845,598,6010
846,599,236
847,600,4406
848,600,4741
849,602,2221
850,603,6900
851,603,7618
852,603,2133
853,604,4077
854,604,7432
855,605,4220
856,605,1660
857,606,2842
858,607,160
859,608,6910
860,610,3192
861,610,5589
862,611,7574
863,612,1302
864,613,1860
865,614,1018
866,615,8843
867,616,840
868,617,6607
869,617,1799
870,618,525
871,619,2033
872,620,8922
873,621,7689
874,621,5692
875,621,375
876,622,3829
877,623,1893
878,624,7824
879,625,1734
880,626,7651
881,628,451
882,629,6756
883,630,7100
884,630,8624
885,631,7956
886,632,981
887,633,1897
888,634,5241
889,635,2971
890,636,7609
891,636,4046
892,636,4595
893,637,7453
894,637,2748
895,638,3302
896,638,2629
897,639,629
898,640,8595
899,640,4751
900,641,5786
901,642,4435
902,642,3124
903,643,416
904,643,5522
905,644,6289
906,644,7878
907,644,617
908,645,8782
909,646,7151
910,647,8864
911,647,8433
912,647,2581
913,648,5812
914,649,6349
915,650,4456
916,650,4822
917,650,397
918,651,5257
919,652,6441
920,653,899
921,653,3343
922,654,3351
923,655,7894
924,656,5070
925,656,2703
926,656,5301
927,658,1551
928,658,2175
929,659,3374
930,659,6265
931,660,7151
932,660,7909
933,661,7941
934,662,4804
935,663,524
936,664,1289
937,664,4442
938,665,2926
939,666,6879
940,667,245
941,668,461
942,670,2923
943,671,8535
944,671,7805
945,672,2630
946,673,7243
947,674,193
948,674,243
949,675,4970
950,676,2736
951,677,4419
952,679,672
953,680,5790
954,681,2336
955,681,5955
956,682,7474
957,682,4109
958,683,4824
959,684,4705
960,685,7581
961,686,6942
962,686,3936
963,687,2666
964,687,403
965,688,4352
966,689,7736
967,690,7137
968,690,8294
969,690,8126
970,691,7557
971,692,50
972,693,8972
973,694,4598
974,695,1695
975,695,6890
976,696,3946
977,697,7849
978,698,1913
979,699,8742
980,700,4523
981,700,3139
982,701,4272
983,702,271
984,703,4217
985,704,6342
986,704,555
987,705,3550
988,706,4947
989,707,6118
990,707,2903
991,708,8144
992,709,3593
993,710,4085
994,711,6535
995,711,4039
996,711,8386
997,713,8090
998,714,6803
999,714,1114
1000,714,182
1001,715,7089
1002,717,7898
1003,717,6264
1004,718,4283
1005,718,4450
1006,719,5941
1007,719,6249
1008,720,5509
1009,720,4022
1010,721,1679
1011,721,372
1012,722,4555
1013,723,2884
1014,723,4961
1015,724,5195
1016,725,5403
1017,725,8214
1018,725,6045
1019,726,6560
1020,727,5250
1021,728,8301
1022,729,1228
1023,730,5369
1024,731,4051
1025,731,1842
1026,731,6788
1027,732,2039
1028,733,1027
1029,733,1773
1030,735,2199
1031,735,2967
1032,735,6010
1033,736,7006
1034,736,5717
1035,737,6632
1036,737,8413
1037,739,1459
1038,739,5481
1039,740,1711
1040,740,1030
1041,741,1958
1042,742,7353
1043,742,5403
1044,743,6313
1045,744,3415
1046,745,222
1047,746,5896
1048,747,7321
1049,747,5537
1050,747,8865
1051,748,7699
1052,749,2485
1053,750,5530
1054,751,937
1055,753,7535
1056,754,1500
1057,754,6759
1058,754,5057
1059,755,4235
1060,755,1479
1061,756,1395
1062,756,7419
1063,757,8062
1064,758,5884
1065,759,2881
1066,760,6228
1067,760,498
1068,760,5628
1069,761,1889
1070,763,2422
1071,764,2650
1072,765,4505
1073,766,10
1074,767,2768
1075,768,8863
1076,769,767
1077,770,7105
1078,770,1442
1079,771,972
1080,773,8875
1081,774,1939
1082,775,7536
1083,775,7511
1084,776,5061
1085,776,5228
1086,778,3422
1087,778,6889
1088,779,8834
1089,779,8427
1090,780,3487
1091,780,5289
1092,781,2698
1093,781,2319
1094,782,4029
1095,783,3562
1096,784,5274
1097,784,8845
1098,785,8149
1099,785,3102
1100,785,5117
1101,786,5719
1102,787,50
1103,788,1789
1104,789,7882
1105,790,6736
1106,791,8831
1107,792,3530
1108,792,8969
1109,792,942
1110,793,5011
1111,794,8264
1112,795,3983
1113,795,2088
1114,795,8261
1115,796,2229
1116,797,8811
1117,798,6842
1118,799,3702
1119,799,5500
1120,800,7328
1121,801,6319
1122,802,355
1123,803,2071
1124,804,4227
1125,805,8167
1126,806,7063
1127,807,5867
1128,808,1263
1129,809,4406
1130,809,1397
1131,809,581
1132,810,3920
1133,810,6780
1134,811,8899
1135,812,1422
1136,812,1808
1137,813,609
1138,815,7889
1139,815,6490
1140,816,4630
1141,817,3428
1142,818,4788
1143,819,345
1144,820,1094
1145,821,7103
1146,822,30
1147,823,5180
1148,824,1378
1149,825,1946
1150,826,3744
1151,827,65
1152,829,339
1153,830,5824
1154,831,224
1155,832,3466
1156,833,7641
1157,834,308
1158,835,3718
1159,835,6002
1160,836,5040
1161,836,8434
1162,837,3697
1163,838,5602
1164,838,8093
1165,839,5460
1166,840,2239
1167,840,4092
1168,841,3584
1169,841,3001
1170,842,5054
1171,843,3460
1172,844,5246
1173,846,1725
1174,847,7109
1175,848,504
1176,849,6327
1177,851,4211
1178,852,7280
1179,853,1150
1180,853,2065
1181,854,5297
1182,854,1760
1183,855,5514
1184,856,8771
1185,856,2909
1186,857,1671
1187,857,5248
1188,857,5952
1189,858,2166
1190,860,2980
1191,861,993
1192,862,3650
1193,863,2330
1194,864,2787
1195,865,2660
1196,866,1182
1197,867,4342
1198,867,714
1199,867,1038
1200,868,4741
1201,868,6721
1202,869,4749
1203,870,4966
1204,870,3752
1205,871,2943
1206,872,6763
1207,874,5690
1208,874,2051
1209,875,7501
1210,876,4054
1211,877,2940
1212,877,7920
1213,878,1503
1214,879,422
1215,879,1972
1216,880,4138
1217,881,1747
1218,881,8921
1219,882,8595
1220,883,3566
1221,884,3616
1222,884,6682
1223,885,8432
1224,886,8954
1225,887,3941
1226,888,5220
1227,889,2246
1228,889,6782
1229,890,5500
1230,891,3000
1231,891,6986
1232,892,1848
1233,893,5976
1234,894,8003
1235,895,7236
1236,896,7285
1237,897,5945
1238,898,8791
1239,898,2197
1240,899,2622
1241,899,38
1242,900,5196
1243,901,1496
1244,902,5578
1245,902,6766
1246,903,948
1247,903,1568
1248,904,4641
1249,905,7148
1250,906,2706
1251,907,387
1252,908,2557
1253,908,4341
1254,909,2413
1255,910,6444
1256,911,8906
1257,911,2961
1258,911,5605
1259,912,2813
1260,912,7013
1261,913,4508
1262,914,910
1263,915,8396
1264,915,4408
1265,916,4677
1266,916,8873
1267,917,5160
1268,918,5513
1269,919,277
1270,920,3556
1271,921,4373
1272,922,8177
1273,923,2783
1274,924,989
1275,925,905
1276,926,8140
1277,927,8101
1278,928,5147
1279,928,8381
1280,929,1105
1281,930,8063
1282,930,7768
1283,930,7137
1284,931,897
1285,931,5491
1286,932,84
1287,933,1336
1288,934,8027
1289,935,6196
1290,936,8748
1291,937,4537
1292,937,2766
1293,938,6050
1294,938,1385
1295,939,3120
1296,940,1888
1297,941,4402
1298,942,7473
1299,942,8906
1300,942,3261
1301,943,7176
1302,945,6894
1303,945,1997
1304,945,1361
1305,946,95
1306,947,1985
1307,948,8810
1308,949,8588
1309,950,7711
1310,952,2674
1311,952,8858
1312,953,7204
1313,953,8391
1314,954,5490
1315,955,1449
1316,956,1926
1317,957,8191
1318,958,7659
1319,959,1529
1320,959,5357
1321,959,4254
1322,960,1059
1323,961,5710
1324,962,6284
1325,963,7793
1326,964,1281
1327,964,3012
1328,965,3524
1329,966,6831
1330,966,2849
1331,967,5476
1332,967,2897
1333,967,7572
1334,968,4597
1335,969,1979
1336,969,2542
1337,970,7677
1338,970,3868
1339,971,8395
1340,971,7584
1341,971,6834
1342,973,2927
1343,974,7287
1344,974,5333
1345,975,4501
1346,976,7951
1347,977,6669
1348,978,7579
1349,979,5378
1350,979,7999
1351,981,7409
1352,982,71
1353,983,2612
1354,984,4575
1355,985,4576
1356,986,278
1357,987,8212
1358,988,1600
1359,988,8833
1360,989,4722
1361,990,4107
1362,991,4009
1363,991,5038
1364,992,5999
1365,992,3377
1366,993,4274
1367,994,8791
1368,994,7821
1369,994,1210
1370,995,6248
1371,995,356
1372,996,8929
1373,997,5828
1374,998,1969
1375,998,1633
1376,999,7158
1377,999,1190
1378,1000,7573
1379,1000,860
1380,1001,3656
1381,1002,3381
1382,1003,4854
1383,1003,77
1384,1004,7431
1385,1004,4959
1386,1005,1126
1387,1005,7974
1388,1006,5964
1389,1007,2437
1390,1007,5578
1391,1008,2785
1392,1009,8317
1393,1010,2804
1394,1012,6272
1395,1013,2435
1396,1014,8044
1397,1015,5755
1398,1015,1464
1399,1016,5078
1400,1016,3734
1401,1017,5987
1402,1017,981
1403,1017,3462
1404,1018,1657
1405,1019,7164
1406,1020,7876
1407,1021,8776
1408,1022,1222
1409,1023,5691
1410,1025,573
1411,1026,8654
1412,1027,2648
1413,1028,7736
1414,1028,1220
1415,1029,4079
1416,1030,8426
1417,1031,2421
1418,1032,2353
1419,1033,3774
1420,1034,3135
1421,1035,3180
1422,1035,41
1423,1036,24
1424,1037,5615
1425,1037,3040
1426,1038,4172
1427,1038,7692
1428,1039,2617
1429,1040,4015
1430,1041,178
1431,1041,2395
1432,1042,5886
1433,1042,7931
1434,1042,3232
1435,1043,8580
1436,1043,6410
1437,1044,4635
1438,1044,3717
1439,1045,4153
1440,1046,52
1441,1046,3356
1442,1046,6861
1443,1047,1702
1444,1048,2460
1445,1049,3408
1446,1050,8255
1447,1051,6330
1448,1051,3668
1449,1052,7240
1450,1053,1201
1451,1054,5127
1452,1055,2702
1453,1056,7792
1454,1056,8929
1455,1057,7693
1456,1057,5003
1457,1058,1237
1458,1058,5562
1459,1059,4037
1460,1060,143
1461,1060,6092
1462,1061,2556
1463,1061,322
1464,1062,1664
1465,1064,4552
1466,1065,3449
1467,1065,5333
1468,1065,5075
1469,1066,3146
1470,1067,6591
1471,1068,7338
1472,1069,897
1473,1070,7191
1474,1071,6854
1475,1073,654
1476,1074,5791
1477,1075,8695
1478,1076,5721
1479,1077,6686
1480,1077,4511
1481,1078,5586
1482,1079,8657
1483,1079,3153
1484,1080,358
1485,1081,7526
1486,1082,7647
1487,1082,363
1488,1082,2403
1489,1083,1005
1490,1083,2384
1491,1083,3822
1492,1084,6772
1493,1085,4444
1494,1085,2079
1495,1086,7363
1496,1086,2760
1497,1087,6423
1498,1087,5261
1499,1088,7242
1500,1088,5
1501,1089,1316
1502,1089,1208
1503,1090,1816
1504,1091,5256
1505,1091,4309
1506,1092,664
1507,1092,7537
1508,1093,6363
1509,1094,8294
1510,1095,7082
1511,1095,3201
1512,1096,6748
1513,1097,2610
1514,1098,6532
1515,1099,8254
1516,1100,8068
1517,1101,8864
1518,1101,1257
1519,1101,2443
1520,1102,228
1521,1102,8078
1522,1102,7140
1523,1103,5023
1524,1104,2641
1525,1105,7202
1526,1105,4769
1527,1106,1839
1528,1106,6164
1529,1107,7959
1530,1109,6332
1531,1110,8040
1532,1111,1081
1533,1111,2753
1534,1112,4303
1535,1113,6045
1536,1114,2009
1537,1114,1860
1538,1115,7788
1539,1115,7697
1540,1116,6793
1541,1117,142
1542,1117,7251
1543,1118,4956
1544,1119,5832
1545,1120,3298
1546,1121,7976
1547,1121,2475
1548,1122,8632
1549,1123,7967
1550,1124,7950
1551,1124,2424
1552,1124,4225
1553,1125,7408
1554,1126,8469
1555,1127,1864
1556,1129,3475
1557,1130,1808
1558,1130,1136
1559,1131,6241
1560,1132,6369
1561,1132,6981
1562,1133,741
1563,1133,3513
1564,1134,4203
1565,1134,950
1566,1134,772
1567,1135,4751
1568,1135,7300
1569,1136,7372
1570,1137,6122
1571,1138,8084
1572,1139,3193
1573,1140,1378
1574,1141,1044
1575,1141,4605
1576,1141,1742
1577,1142,4042
1578,1143,2008
1579,1144,749
1580,1145,3529
1581,1145,6102
1582,1146,3407
1583,1147,3025
1584,1147,5436
1585,1148,3140
1586,1149,4042
1587,1150,625
1588,1151,5400
1589,1152,488
1590,1153,641
1591,1154,2896
1592,1155,4614
1593,1156,1789
1594,1157,1557
1595,1158,2283
1596,1159,439
1597,1159,172
1598,1160,437
1599,1160,8430
1600,1161,8188
1601,1161,2426
1602,1162,970
1603,1162,2294
1604,1163,8174
1605,1164,3623
1606,1164,1967
1607,1165,6226
1608,1165,4360
1609,1166,5763
1610,1167,8340
1611,1168,5909
1612,1169,4655
1613,1169,8836
1614,1169,3792
1615,1170,5780
1616,1170,2610
1617,1171,276
1618,1172,5568
1619,1173,5212
1620,1173,6127
1621,1174,5590
1622,1175,6213
1623,1177,7523
1624,1177,388
1625,1178,5453
1626,1179,3926
1627,1179,12
1628,1180,1300
1629,1181,3114
1630,1182,4299
1631,1183,4588
1632,1183,2518
1633,1184,3789
1634,1185,4034
1635,1185,3126
1636,1185,8767
1637,1186,4041
1638,1187,7202
1639,1188,6029
1640,1188,8656
1641,1189,5293
1642,1190,8950
1643,1191,6059
1644,1192,7967
1645,1193,3609
1646,1194,808
1647,1194,967
1648,1195,1332
1649,1196,8930
1650,1197,5642
1651,1198,7516
1652,1199,8897
1653,1199,3685
1654,1199,6415
1655,1200,4535
1656,1200,5607
1657,1200,6886
1658,1201,7908
1659,1202,8069
1660,1203,6783
1661,1203,5176
1662,1203,7300
1663,1204,4215
1664,1205,3679
1665,1205,5668
1666,1206,6901
1667,1206,8037
1668,1207,7186
1669,1208,1280
1670,1210,8636
1671,1211,1912
1672,1212,2845
1673,1212,5180
1674,1213,2629
1675,1214,8465
1676,1215,7037
1677,1216,4891
1678,1217,8317
1679,1218,7748
1680,1219,2727
1681,1220,5111
1682,1221,4734
1683,1221,4023
1684,1222,3117
1685,1223,681
1686,1224,5776
1687,1224,7281
1688,1224,2314
1689,1225,8100
1690,1225,4438
1691,1226,2534
1692,1227,2928
1693,1228,6200
1694,1229,8680
1695,1229,2450
1696,1230,3570
1697,1231,2379
1698,1232,4510
1699,1232,2396
1700,1233,978
1701,1233,1909
1702,1234,5574
1703,1234,8875
1704,1234,3104
1705,1235,1671
1706,1235,5473
1707,1236,3132
1708,1237,5093
1709,1237,6885
1710,1238,8822
1711,1239,4513
1712,1240,7878
1713,1241,7874
1714,1241,8311
1715,1242,5512
1716,1242,1246
1717,1243,1090
1718,1244,8415
1719,1245,4993
1720,1245,301
1721,1245,4768
1722,1246,1966
1723,1246,1165
1724,1247,7716
1725,1247,7682
1726,1248,912
1727,1250,2442
1728,1250,1899
1729,1251,1295
1730,1252,632
1731,1253,476
1732,1254,1110
1733,1255,6184
1734,1256,1075
1735,1257,838
1736,1258,8445
1737,1258,4693
1738,1258,1687
1739,1259,5506
1740,1260,8629
1741,1261,3622
1742,1262,3212
1743,1262,2917
1744,1263,5770
1745,1264,4452
1746,1267,4752
1747,1268,3811
1748,1269,7586
1749,1270,5187
1750,1271,6825
1751,1271,1730
1752,1272,5211
1753,1273,7975
1754,1275,8565
1755,1276,3500
1756,1276,204
1757,1276,5237
1758,1278,6453
1759,1279,748
1760,1279,5803
1761,1280,8229
1762,1280,6826
1763,1281,2359
1764,1282,7867
1765,1283,165
1766,1283,8264
1767,1284,2656
1768,1285,1181
1769,1285,1122
1770,1286,220
1771,1287,3902
1772,1288,4814
1773,1289,7218
1774,1289,5039
1775,1290,4684
1776,1291,2128
1777,1292,6211
1778,1293,785
1779,1294,437
1780,1295,2165
1781,1296,8736
1782,1296,5802
1783,1297,7520
1784,1297,6123
1785,1297,4469
1786,1298,659
1787,1299,4397
1788,1301,5380
1789,1301,2999
1790,1301,5187
1791,1302,7391
1792,1303,4384
1793,1303,5492
1794,1304,6027
1795,1305,618
1796,1306,2637
1797,1307,5928
1798,1308,5212
1799,1309,8209
1800,1310,6140
1801,1311,4139
1802,1312,2800
1803,1312,3449
1804,1312,609
1805,1314,6305
1806,1314,7934
1807,1315,8391
1808,1315,6781
1809,1316,975
1810,1317,4540
1811,1318,6314
1812,1319,506
1813,1320,4071
1814,1320,3284
1815,1320,7946
1816,1321,1132
1817,1322,3270
1818,1323,1498
1819,1323,4016
1820,1324,1308
1821,1325,4725
1822,1325,3065
1823,1325,6425
1824,1326,93
1825,1327,8268
1826,1328,1317
1827,1329,6380
1828,1330,4189
1829,1330,271
1830,1331,6453
1831,1331,6737
1832,1333,8091
1833,1333,5528
1834,1333,2264
1835,1334,4650
1836,1334,2620
1837,1335,7520
1838,1336,3491
1839,1336,7818
1840,1337,2401
1841,1338,2059
1842,1339,1335
1843,1339,2690
1844,1339,8737
1845,1340,4173
1846,1341,5728
1847,1341,2713
1848,1342,2307
1849,1343,7601
1850,1343,2910
1851,1344,981
1852,1345,3401
1853,1346,5336
1854,1347,4781
1855,1347,7063
1856,1347,16
1857,1348,3884
1858,1349,3050
1859,1350,772
1860,1351,7996
1861,1351,4325
1862,1352,648
1863,1354,8097
1864,1354,4536
1865,1354,3298
1866,1355,140
1867,1355,3902
1868,1356,4008
1869,1357,7120
1870,1357,3180
1871,1358,4791
1872,1359,8412
1873,1359,1716
1874,1360,523
1875,1361,1451
1876,1362,2560
1877,1362,8480
1878,1363,7341
1879,1364,8858
1880,1364,6194
1881,1365,6617
1882,1366,3188
1883,1366,4696
1884,1367,8644
1885,1368,6906
1886,1369,1418
1887,1370,6335
1888,1371,7796
1889,1372,7664
1890,1373,6593
1891,1374,3203
1892,1374,7280
1893,1375,5585
1894,1375,3158
1895,1376,6233
1896,1377,1986
1897,1378,4629
1898,1379,8140
1899,1380,6023
1900,1381,2100
1901,1382,576
1902,1383,5953
1903,1384,3101
1904,1384,1542
1905,1386,1050
1906,1387,3170
1907,1388,7751
1908,1389,306
1909,1390,8182
1910,1391,1152
1911,1392,6081
1912,1392,6926
1913,1393,6932
1914,1394,2636
1915,1395,5834
1916,1396,7207
1917,1396,5677
1918,1397,6505
1919,1398,6586
1920,1399,4720
1921,1400,8749
1922,1401,395
1923,1402,762
1924,1402,4521
1925,1403,8774
1926,1404,2329
1927,1405,3604
1928,1406,6217
1929,1406,4483
1930,1406,1505
1931,1407,845
1932,1409,7195
1933,1409,8322
1934,1410,7682
1935,1410,7389
1936,1411,1330
1937,1411,4903
1938,1411,7415
1939,1412,5235
1940,1413,3196
1941,1414,1154
1942,1415,5230
1943,1416,5883
1944,1416,3870
1945,1417,4968
1946,1418,1016
1947,1419,4715
1948,1419,516
1949,1419,831
1950,1420,4145
1951,1421,1732
1952,1422,2513
1953,1422,895
1954,1423,7786
1955,1423,8624
1956,1424,5227
1957,1426,4882
1958,1427,6577
1959,1428,5763
1960,1428,1342
1961,1429,6686
1962,1429,5188
1963,1430,2402
1964,1431,5756
1965,1432,7297
1966,1433,6821
1967,1434,8352
1968,1435,4297
1969,1437,4241
1970,1438,1041
1971,1438,4371
1972,1439,764
1973,1440,6967
1974,1440,5191
1975,1441,610
1976,1442,7592
1977,1442,2163
1978,1443,4976
1979,1444,8886
1980,1444,7882
1981,1445,4048
1982,1446,1110
1983,1447,4342
1984,1447,6465
1985,1447,194
1986,1449,6346
1987,1450,1978
1988,1451,8527
1989,1452,3624
1990,1452,7739
1991,1452,4545
1992,1453,1206
1993,1453,4246
1994,1454,6569
1995,1455,2919
1996,1455,1031
1997,1456,2771
1998,1457,911
1999,1458,5516
2000,1459,6173
2001,1461,1429
2002,1461,8040
2003,1461,2630
2004,1462,7334
2005,1462,8005
2006,1462,1762
2007,1463,8179
2008,1463,2557
2009,1464,1384
2010,1465,5611
2011,1466,4191
2012,1467,6206
2013,1467,249
2014,1468,1557
2015,1469,1998
2016,1470,7633
2017,1471,1833
2018,1472,2983
2019,1472,7302
2020,1473,6002
2021,1473,2085
2022,1474,7580
2023,1475,962
2024,1476,6694
2025,1476,3692
2026,1476,8358
2027,1477,5807
2028,1478,886
2029,1479,7679
2030,1479,4224
2031,1479,7526
2032,1480,2093
2033,1480,3694
2034,1481,7936
2035,1482,7355
2036,1483,7821
2037,1484,3665
2038,1485,6224
2039,1486,2214
2040,1486,270
2041,1487,2774
2042,1487,7335
2043,1488,3923
2044,1489,6030
2045,1490,1595
2046,1491,6895
2047,1492,8062
2048,1493,7865
2049,1494,732
2050,1495,6202
2051,1496,4955
2052,1497,4370
2053,1498,758
2054,1499,3734
2055,1500,6927
2056,1501,7504
2057,1502,8594
2058,1503,1196
2059,1503,1161
2060,1503,573
2061,1504,6639
2062,1505,8910
2063,1506,6908
2064,1507,8012
2065,1508,1480
2066,1508,5446
2067,1509,3614
2068,1510,6911
2069,1510,2177
2070,1511,715
2071,1513,1793
2072,1515,5611
2073,1515,1007
2074,1516,7818
2075,1517,4185
2076,1517,5482
2077,1517,8917
2078,1518,2082
2079,1518,7539
2080,1519,4557
2081,1520,5925
2082,1520,7816
2083,1521,2984
2084,1522,8547
2085,1523,2729
2086,1523,62
2087,1524,1855
2088,1526,6541
2089,1527,5374
2090,1528,2664
2091,1528,4857
2092,1529,2438
2093,1530,7909
2094,1530,3759
2095,1531,2019
2096,1531,2
2097,1532,5881
2098,1532,2430
2099,1533,4017
2100,1534,7589
2101,1535,8144
2102,1536,6942
2103,1536,4926
2104,1536,1581
2105,1537,3000
2106,1538,1436
2107,1538,6197
2108,1538,5530
2109,1539,4338
2110,1540,4597
2111,1541,5212
2112,1542,5476
2113,1542,3266
2114,1543,3566
2115,1543,6461
2116,1544,3134
2117,1545,4196
2118,1545,1552
2119,1546,7786
2120,1547,6749
2121,1547,6735
2122,1548,8865
2123,1549,5667
2124,1550,7155
2125,1551,325
2126,1552,7354
2127,1553,539
2128,1553,7316
2129,1553,3954
2130,1554,5890
2131,1555,4461
2132,1556,1553
2133,1557,4034
2134,1557,1831
2135,1558,1097
2136,1559,2995
2137,1560,8967
2138,1561,2726
2139,1562,5592
2140,1562,305
2141,1562,6772
2142,1563,5323
2143,1564,862
2144,1565,3878
2145,1566,4163
2146,1567,1923
2147,1567,3384
2148,1567,5162
2149,1568,6419
2150,1569,8581
2151,1570,605
2152,1570,140
2153,1571,7077
2154,1573,1535
2155,1574,8652
2156,1575,170
2157,1575,3758
2158,1575,8072
2159,1576,4306
2160,1576,849
2161,1576,988
2162,1577,2924
2163,1578,5715
2164,1579,2772
2165,1579,8146
2166,1580,6042
2167,1580,2309
2168,1580,5707
2169,1581,4738
2170,1582,8078
2171,1583,3876
2172,1584,4616
2173,1585,5277
2174,1585,5593
2175,1586,431
2176,1586,5218
2177,1587,2741
2178,1588,8117
2179,1589,7141
2180,1589,4542
2181,1590,4977
2182,1591,5393
2183,1591,5681
2184,1592,222
2185,1593,8768
2186,1594,4072
2187,1595,880
2188,1596,7134
2189,1597,6233
2190,1598,8613
2191,1599,2465
2192,1599,6352
2193,1600,7586
2194,1601,2127
2195,1601,2270
2196,1602,6240
2197,1603,3997
2198,1604,3829
2199,1605,787
2200,1605,1074
2201,1606,2250
2202,1606,7113
2203,1608,2876
2204,1610,8819
2205,1611,3582
2206,1611,7984
2207,1612,5770
2208,1613,4879
2209,1613,8165
2210,1613,5831
2211,1614,2924
2212,1615,1602
2213,1616,1180
2214,1618,248
2215,1619,1486
2216,1619,2298
2217,1620,5696
2218,1621,6850
2219,1623,1844
2220,1623,3678
2221,1623,7822
2222,1624,7650
2223,1625,1106
2224,1626,7870
2225,1627,8839
2226,1627,2838
2227,1628,1622
2228,1630,2756
2229,1630,946
2230,1631,8625
2231,1632,5593
2232,1633,1475
2233,1634,8022
2234,1635,2028
2235,1635,8203
2236,1636,7050
2237,1637,3946
2238,1638,1631
2239,1639,1853
2240,1639,8080
2241,1640,8435
2242,1642,5053
2243,1642,4296
2244,1643,8977
2245,1644,2446
2246,1646,1009
2247,1646,8158
2248,1646,3377
2249,1647,4817
2250,1647,3759
2251,1648,6935
2252,1648,5560
2253,1649,8676
2254,1650,7396
2255,1651,1773
2256,1652,7201
2257,1653,1492
2258,1653,4185
2259,1654,7212
2260,1654,7353
2261,1654,8621
2262,1655,7703
2263,1655,1937
2264,1656,3951
2265,1657,1164
2266,1658,6871
2267,1658,7096
2268,1659,1656
2269,1659,3800
2270,1660,829
2271,1660,7427
2272,1661,7094
2273,1662,6895
2274,1663,2910
2275,1664,7927
2276,1665,5179
2277,1665,7380
2278,1665,5771
2279,1666,3338
2280,1667,79
2281,1668,2481
2282,1669,1288
2283,1669,6678
2284,1670,6873
2285,1671,2306
2286,1672,2326
2287,1672,6808
2288,1673,2918
2289,1674,48
2290,1674,2487
2291,1675,7067
2292,1676,499
2293,1677,467
2294,1678,7866
2295,1679,2470
2296,1680,4223
2297,1680,3396
2298,1681,7573
2299,1682,7156
2300,1682,8154
2301,1684,5544
2302,1684,7859
2303,1684,5721
2304,1685,3884
2305,1686,8488
2306,1686,7105
2307,1686,8048
2308,1687,8160
2309,1688,112
2310,1688,6725
2311,1689,1787
2312,1690,1889
2313,1691,6316
2314,1691,1161
2315,1691,8465
2316,1692,969
2317,1693,5441
2318,1693,4850
2319,1694,1584
2320,1695,8556
2321,1696,2648
2322,1697,7585
2323,1698,4859
2324,1699,825
2325,1700,8513
2326,1700,6693
2327,1701,5894
2328,1702,6110
2329,1703,2853
2330,1704,2057
2331,1705,8069
2332,1706,5893
2333,1706,7806
2334,1707,2497
2335,1707,424
2336,1708,2634
2337,1709,2638
2338,1710,7554
2339,1711,4354
2340,1711,8266
2341,1712,8202
2342,1713,4495
2343,1714,6844
2344,1715,4540
2345,1716,5353
2346,1716,2199
2347,1717,4464
2348,1718,4524
2349,1718,1058
2350,1719,4406
2351,1720,6314
2352,1721,8588
2353,1721,8218
2354,1721,2458
2355,1722,4862
2356,1723,1574
2357,1725,7651
2358,1726,5204
2359,1726,8431
2360,1727,8940
2361,1728,8864
2362,1729,3070
2363,1730,6793
2364,1731,4383
2365,1732,7975
2366,1732,5899
2367,1732,7232
2368,1733,3861
2369,1733,1828
2370,1734,3190
2371,1735,4597
2372,1736,4008
2373,1736,8143
2374,1737,4609
2375,1738,517
2376,1739,5032
2377,1740,2796
2378,1741,1054
2379,1741,462
2380,1742,6123
2381,1743,6787
2382,1744,3827
2383,1745,2852
2384,1746,8800
2385,1746,5998
2386,1747,8108
2387,1748,8499
2388,1749,5688
2389,1750,7427
2390,1750,807
2391,1750,6112
2392,1751,3836
2393,1753,6582
2394,1753,644
2395,1753,2224
2396,1754,5288
2397,1755,2392
2398,1756,5611
2399,1758,1643
2400,1759,7110
2401,1759,1245
2402,1760,6368
2403,1760,522
2404,1761,1380
2405,1761,5449
2406,1762,5060
2407,1763,1247
2408,1763,2669
2409,1763,5913
2410,1764,7356
2411,1765,2414
2412,1766,625
2413,1766,2732
2414,1767,6135
2415,1768,6715
2416,1768,7306
2417,1769,1857
2418,1770,6285
2419,1770,2075
2420,1770,4515
2421,1771,6681
2422,1772,5463
2423,1772,635
2424,1772,2190
2425,1773,4622
2426,1773,7058
2427,1774,3455
2428,1775,6470
2429,1776,7916
2430,1777,6119
2431,1778,5240
2432,1778,5066
2433,1779,627
2434,1780,808
2435,1780,6950
2436,1780,3233
2437,1781,2090
2438,1781,5627
2439,1782,4980
2440,1782,1575
2441,1782,1458
2442,1783,2843
2443,1783,5251
2444,1783,5778
2445,1784,1489
2446,1785,1749
2447,1786,6345
2448,1787,6951
2449,1787,6698
2450,1788,6007
2451,1789,8833
2452,1790,6720
2453,1792,3703
2454,1793,4783
2455,1793,5112
2456,1794,1226
2457,1795,8869
2458,1796,11
2459,1796,5865
2460,1797,5267
2461,1798,1681
2462,1799,7672
2463,1800,8096
2464,1800,3650
2465,1801,1059
2466,1801,3452
2467,1801,610
2468,1802,5792
2469,1802,1584
2470,1802,791
2471,1803,439
2472,1804,6349
2473,1804,2068
2474,1804,2690
2475,1805,181
2476,1806,1814
2477,1807,6025
2478,1807,8441
2479,1808,5654
2480,1808,1666
2481,1809,3929
2482,1809,7926
2483,1810,5704
2484,1811,7964
2485,1812,8877
2486,1813,8022
2487,1814,3527
2488,1815,2297
2489,1816,8458
2490,1817,3640
2491,1818,6239
2492,1818,4984
2493,1819,3600
2494,1819,3076
2495,1820,2516
2496,1821,4400
2497,1822,978
2498,1823,7153
2499,1824,7752
2500,1825,945
2501,1826,8367
2502,1827,2614
2503,1827,4534
2504,1828,7757
2505,1828,4048
2506,1829,2850
2507,1829,8171
2508,1830,3360
2509,1830,8363
2510,1831,7901
2511,1831,990
2512,1832,5923
2513,1833,3600
2514,1834,5638
2515,1835,5922
2516,1835,1100
2517,1836,4122
2518,1837,4105
2519,1837,5908
2520,1837,5195
2521,1838,1704
2522,1839,3615
2523,1839,2116
2524,1840,5644
2525,1840,4823
2526,1841,3244
2527,1842,8465
2528,1843,1625
2529,1843,6659
2530,1843,1010
2531,1844,6850
2532,1844,2576
2533,1845,1591
2534,1846,5978
2535,1847,711
2536,1847,5142
2537,1847,4622
2538,1848,398
2539,1849,8105
2540,1850,3472
2541,1850,3379
2542,1851,7466
2543,1853,4297
2544,1854,4248
2545,1855,1183
2546,1856,1460
2547,1857,5512
2548,1858,3044
2549,1859,1829
2550,1860,4767
2551,1861,4754
2552,1862,1921
2553,1863,3520
2554,1864,1320
2555,1864,6773
2556,1864,4364
2557,1865,7427
2558,1867,4268
2559,1867,7674
2560,1867,3338
2561,1868,5969
2562,1868,3243
2563,1868,750
2564,1869,2672
2565,1870,4956
2566,1870,2868
2567,1871,6252
2568,1871,6598
2569,1872,1442
2570,1873,5816
2571,1874,69
2572,1875,4646
2573,1876,1636
2574,1876,2742
2575,1877,8273
2576,1878,6151
2577,1879,5120
2578,1880,5060
2579,1881,2716
2580,1882,5774
2581,1882,6023
2582,1883,7383
2583,1884,6621
2584,1884,5154
2585,1885,8624
2586,1886,1439
2587,1886,5581
2588,1887,5818
2589,1888,6069
2590,1889,117
2591,1890,587
2592,1890,8831
2593,1891,6430
2594,1892,8545
2595,1893,8516
2596,1893,8908
2597,1894,8040
2598,1895,3774
2599,1896,721
2600,1896,8287
2601,1896,79
2602,1897,3629
2603,1898,4029
2604,1899,4655
2605,1899,568
2606,1900,8676
2607,1900,7855
2608,1900,6525
2609,1901,1327
2610,1902,4817
2611,1903,4017
2612,1904,1354
2613,1905,3124
2614,1905,7368
2615,1905,6315
2616,1906,4284
2617,1907,8757
2618,1908,7410
2619,1909,8940
2620,1910,5327
2621,1911,8922
2622,1912,1807
2623,1912,4890
2624,1913,7906
2625,1913,6500
2626,1913,1821
2627,1914,1646
2628,1914,1317
2629,1915,6393
2630,1916,3610
2631,1916,5503
2632,1917,3917
2633,1918,3802
2634,1919,6683
2635,1920,6717
2636,1920,2856
2637,1921,6029
2638,1922,2862
2639,1923,7276
2640,1924,1813
2641,1924,3808
2642,1925,4892
2643,1925,6225
2644,1926,138
2645,1927,6726
2646,1928,2597
2647,1929,498
2648,1930,7877
2649,1930,6092
2650,1931,1877
2651,1933,1392
2652,1934,182
2653,1934,4726
2654,1935,977
2655,1935,3379
2656,1936,4103
2657,1937,739
2658,1938,3049
2659,1939,4528
2660,1939,197
2661,1941,5492
2662,1942,3680
2663,1943,5956
2664,1944,8032
2665,1945,581
2666,1946,7411
2667,1947,3299
2668,1947,2855
2669,1947,7010
2670,1948,7509
2671,1949,4402
2672,1949,3771
2673,1949,7502
2674,1950,3368
2675,1951,214
2676,1951,408
2677,1952,6560
2678,1953,7562
2679,1953,2207
2680,1954,4127
2681,1954,6275
2682,1955,1550
2683,1956,3418
2684,1957,4534
2685,1957,7121
2686,1958,2370
2687,1959,7611
2688,1960,5359
2689,1960,7628
2690,1961,4190
2691,1962,1693
2692,1962,271
2693,1965,8579
2694,1966,5382
2695,1966,4847
2696,1968,7198
2697,1968,5500
2698,1969,7579
2699,1970,1379
2700,1971,3346
2701,1972,4097
2702,1972,8984
2703,1973,6454
2704,1974,8568
2705,1975,7844
2706,1977,4565
2707,1978,760
2708,1978,7743
2709,1979,6866
2710,1980,4101
2711,1981,6422
2712,1982,6216
2713,1982,6971
2714,1982,2290
2715,1983,241
2716,1983,7993
2717,1984,6575
2718,1985,2319
2719,1986,3447
2720,1988,6786
2721,1989,7617
2722,1989,5891
2723,1990,1364
2724,1991,1229
2725,1992,8532
2726,1993,5977
2727,1994,602
2728,1995,6505
2729,1996,732
2730,1996,969
2731,1997,5195
2732,1998,5932
2733,1998,7923
2734,1999,3034
2735,2001,730
2736,2002,7170
2737,2002,4242
2738,2002,8255
2739,2003,4064
2740,2004,568
2741,2005,6360
2742,2006,1967
2743,2006,8581
2744,2007,4761
2745,2008,3259
2746,2009,1377
2747,2010,658
2748,2010,6772
2749,2010,5930
2750,2011,8341
2751,2012,1190
2752,2013,3587
2753,2014,2229
2754,2015,3027
2755,2016,7104
2756,2017,3174
2757,2017,6998
2758,2018,4068
2759,2019,1374
2760,2020,3740
2761,2020,1404
2762,2020,3364
2763,2021,2528
2764,2022,5956
2765,2022,4821
2766,2023,185
2767,2024,4860
2768,2025,4672
2769,2026,595
2770,2026,7512
2771,2027,4882
2772,2027,2808
2773,2028,6580
2774,2028,5327
2775,2028,4697
2776,2029,8026
2777,2030,5316
2778,2031,1058
2779,2032,5556
2780,2033,6988
2781,2034,2382
2782,2035,1169
2783,2036,8416
2784,2037,2885
2785,2038,4518
2786,2038,3670
2787,2038,8488
2788,2039,3915
2789,2039,552
2790,2040,968
2791,2041,2736
2792,2042,5872
2793,2042,1696
2794,2042,7710
2795,2043,5648
2796,2044,2899
2797,2044,3177
2798,2044,5459
2799,2045,3613
2800,2046,1591
2801,2046,171
2802,2046,7087
2803,2047,8948
2804,2048,599
2805,2050,29
2806,2050,1578
2807,2051,1889
2808,2051,5624
2809,2051,775
2810,2052,5876
2811,2052,7564
2812,2053,8874
2813,2054,1980
2814,2054,670
2815,2055,5076
2816,2056,6276
2817,2057,1167
2818,2058,7488
2819,2058,1140
2820,2059,4921
2821,2060,46
2822,2060,359
2823,2061,3063
2824,2062,4968
2825,2063,5144
2826,2063,3655
2827,2063,2250
2828,2064,4467
2829,2065,3778
2830,2066,8875
2831,2066,7475
2832,2066,6948
2833,2067,6831
2834,2067,4889
2835,2067,5959
2836,2068,1356
2837,2069,8458
2838,2070,2893
2839,2071,3560
2840,2071,300
2841,2072,8134
2842,2073,5042
2843,2074,4885
2844,2075,4461
2845,2076,4996
2846,2077,1329
2847,2078,564
2848,2079,7727
2849,2080,5909
2850,2081,7682
2851,2082,5911
2852,2083,8926
2853,2084,1112
2854,2085,1665
2855,2085,861
2856,2086,3182
2857,2087,7631
2858,2088,8422
2859,2089,1749
2860,2090,2334
2861,2091,8797
2862,2092,7409
2863,2092,7002
2864,2093,8175
2865,2093,6778
2866,2094,66
2867,2095,6408
2868,2096,5281
2869,2097,2532
2870,2099,2342
2871,2100,5886
2872,2101,8145
2873,2102,3766
2874,2103,4514
2875,2104,3047
2876,2104,6597
2877,2104,5703
2878,2105,6518
2879,2106,2443
2880,2106,1369
2881,2106,6132
2882,2107,774
2883,2108,6473
2884,2108,8372
2885,2109,6307
2886,2110,7703
2887,2110,8774
2888,2111,3059
2889,2112,5052
2890,2113,3149
2891,2114,6667
2892,2114,5640
2893,2115,6910
2894,2116,3534
2895,2117,5855
2896,2118,6941
2897,2118,6659
2898,2119,69
2899,2121,1581
2900,2123,2669
2901,2123,918
2902,2123,2881
2903,2124,3837
2904,2125,1813
2905,2126,3558
2906,2126,7379
2907,2126,1862
2908,2127,1295
2909,2128,5943
2910,2128,1318
2911,2129,6035
2912,2129,129
2913,2130,1353
2914,2131,1209
2915,2132,7608
2916,2134,3693
2917,2135,4346
2918,2136,8852
2919,2136,2877
2920,2137,4026
2921,2138,4876
2922,2139,8147
2923,2140,4396
2924,2140,15
2925,2141,431
2926,2141,8440
2927,2142,6383
2928,2143,8722
2929,2143,1247
2930,2143,8101
2931,2144,2069
2932,2144,872
2933,2145,8126
2934,2146,8897
2935,2147,2992
2936,2147,842
2937,2147,2803
2938,2148,5976
2939,2148,3344
2940,2149,8590
2941,2150,6665
2942,2151,4441
2943,2152,7075
2944,2152,6963
2945,2153,129
2946,2153,1547
2947,2153,7012
2948,2154,1320
2949,2156,5686
2950,2157,3331
2951,2157,7716
2952,2157,8763
2953,2158,6362
2954,2158,6859
2955,2159,7778
2956,2160,2516
2957,2162,1341
2958,2162,356
2959,2163,5021
2960,2163,7146
2961,2164,4172
2962,2164,1816
2963,2165,4016
2964,2166,4393
2965,2166,4186
2966,2167,1341
2967,2168,5016
2968,2168,306
2969,2169,3988
2970,2171,5560
2971,2171,2208
2972,2172,8114
2973,2174,7145
2974,2175,8967
2975,2176,2301
2976,2177,4378
2977,2178,6661
2978,2179,2336
2979,2180,4347
2980,2180,6293
2981,2181,2766
2982,2182,8757
2983,2182,6611
2984,2183,2847
2985,2183,2112
2986,2184,5658
2987,2185,1704
2988,2186,7269
2989,2187,6968
2990,2188,5836
2991,2189,892
2992,2190,5806
2993,2191,6568
2994,2191,253
2995,2192,4048
2996,2193,4525
2997,2194,512
2998,2196,4159
2999,2196,6989
3000,2197,6196
3001,2198,8584
3002,2198,2942
3003,2198,8396
3004,2199,1530
3005,2199,5573
3006,2200,7526
3007,2201,8741
3008,2202,7446
3009,2202,7119
3010,2203,3323
3011,2204,2189
3012,2205,5878
3013,2205,728
3014,2205,4474
3015,2206,6802
3016,2207,7550
3017,2207,2945
3018,2207,7875
3019,2208,8870
3020,2209,3915
3021,2209,4733
3022,2210,7956
3023,2210,5518
3024,2211,3327
3025,2212,6431
3026,2213,6977
3027,2214,2606
3028,2215,2546
3029,2216,6407
3030,2217,5713
3031,2219,3608
3032,2220,6610
3033,2220,2094
3034,2220,8539
3035,2221,8024
3036,2221,204
3037,2222,5749
3038,2223,4537
3039,2224,8721
3040,2225,6135
3041,2225,3539
3042,2226,5998
3043,2226,6860
3044,2227,1050
3045,2228,587
3046,2229,2164
3047,2229,5306
3048,2229,1232
3049,2230,5913
3050,2230,5589
3051,2231,5103
3052,2231,2631
3053,2232,963
3054,2232,1406
3055,2233,7151
3056,2234,5960
3057,2235,6898
3058,2235,7210
3059,2235,3278
3060,2236,7951
3061,2237,7306
3062,2238,4045
3063,2238,927
3064,2239,8190
3065,2239,8388
3066,2239,7178
3067,2240,8971
3068,2240,8401
3069,2240,7661
3070,2241,2264
3071,2241,2789
3072,2242,3999
3073,2243,2413
3074,2243,1147
3075,2244,6979
3076,2245,7121
3077,2246,2773
3078,2246,4650
3079,2246,1493
3080,2247,8122
3081,2247,4304
3082,2248,2711
3083,2249,3104
3084,2251,5743
3085,2252,2589
3086,2253,3182
3087,2254,6448
3088,2255,1581
3089,2256,6024
3090,2257,4885
3091,2257,4343
3092,2258,7499
3093,2258,7915
3094,2258,4399
3095,2259,1620
3096,2260,1322
3097,2260,6908
3098,2261,2978
3099,2261,595
3100,2261,4364
3101,2262,3106
3102,2263,7827
3103,2264,827
3104,2265,1429
3105,2266,5399
3106,2267,1637
3107,2268,2414
3108,2268,935
3109,2269,6047
3110,2270,838
3111,2271,731
3112,2272,939
3113,2273,521
3114,2274,5124
3115,2275,4868
3116,2275,3485
3117,2275,3393
3118,2276,2701
3119,2276,7934
3120,2276,2738
3121,2278,1657
3122,2279,6432
3123,2279,4089
3124,2280,1136
3125,2280,2673
3126,2281,4505
3127,2282,2040
3128,2283,2087
3129,2284,1718
3130,2285,416
3131,2286,6522
3132,2287,453
3133,2287,1111
3134,2288,5717
3135,2288,3739
3136,2289,6193
3137,2290,4016
3138,2291,5819
3139,2292,2009
3140,2293,501
3141,2293,7072
3142,2294,7232
3143,2294,3098
3144,2294,3994
3145,2296,1010
3146,2296,6700
3147,2297,7430
3148,2298,4744
3149,2298,1026
3150,2299,2912
3151,2300,243
3152,2300,3082
3153,2300,4748
3154,2301,836
3155,2301,7186
3156,2301,6207
3157,2302,4315
3158,2302,5789
3159,2303,5808
3160,2304,7329
3161,2304,2491
3162,2306,3262
3163,2308,4981
3164,2309,7476
3165,2310,6648
3166,2310,4647
3167,2311,2076
3168,2312,2552
3169,2312,8896
3170,2313,1076
3171,2313,5229
3172,2313,5492
3173,2314,4114
3174,2314,6595
3175,2315,8065
3176,2316,8506
3177,2317,8938
3178,2318,7857
3179,2319,2512
3180,2319,806
3181,2320,6337
3182,2321,8856
3183,2322,896
3184,2324,6166
3185,2325,1973
3186,2325,3580
3187,2326,1890
3188,2327,6195
3189,2327,1773
3190,2327,5152
3191,2328,7019
3192,2329,4170
3193,2330,2262
3194,2331,4633
3195,2332,4980
3196,2333,2357
3197,2334,3117
3198,2334,4212
3199,2336,3823
3200,2337,4149
3201,2337,2899
3202,2338,4596
3203,2339,6338
3204,2339,1478
3205,2340,2313
3206,2340,5935
3207,2341,7752
3208,2341,5771
3209,2342,3909
3210,2342,5562
3211,2343,135
3212,2344,6068
3213,2345,5532
3214,2346,4213
3215,2347,2317
3216,2348,5242
3217,2349,7251
3218,2350,5884
3219,2352,1657
3220,2353,1327
3221,2354,8837
3222,2355,7194
3223,2355,3390
3224,2355,1539
3225,2356,5809
3226,2356,694
3227,2356,1022
3228,2357,541
3229,2357,5030
3230,2358,6004
3231,2359,2492
3232,2360,1854
3233,2360,5969
3234,2361,2571
3235,2362,1436
3236,2362,3042
3237,2363,8082
3238,2364,7085
3239,2365,341
3240,2366,1424
3241,2368,1438
3242,2368,7445
3243,2369,2576
3244,2370,6472
3245,2370,695
3246,2371,148
3247,2372,6080
3248,2372,5681
3249,2373,480
3250,2375,5807
3251,2376,2172
3252,2377,2074
3253,2377,5941
3254,2378,7056
3255,2379,11
3256,2380,775
3257,2380,6779
3258,2381,7683
3259,2381,2085
3260,2382,6023
3261,2382,6965
3262,2383,2968
3263,2383,8448
3264,2383,7406
3265,2384,781
3266,2385,3068
3267,2385,3917
3268,2386,7568
3269,2387,1035
3270,2388,4947
3271,2389,5451
3272,2390,1907
3273,2391,7224
3274,2392,8016
3275,2393,3285
3276,2393,2080
3277,2393,6357
3278,2394,1092
3279,2395,7660
3280,2396,559
3281,2397,2642
3282,2397,2732
3283,2398,6672
3284,2399,3750
3285,2400,6629
3286,2401,6135
3287,2401,77
3288,2402,6446
3289,2403,4186
3290,2404,8589
3291,2404,5274
3292,2404,1719
3293,2405,3365
3294,2405,3591
3295,2406,5933
3296,2407,3125
3297,2408,380
3298,2408,594
3299,2408,1507
3300,2409,6165
3301,2410,651
3302,2411,5402
3303,2412,3878
3304,2413,7523
3305,2413,472
3306,2414,8088
3307,2414,5573
3308,2415,2795
3309,2416,3847
3310,2416,9000
3311,2417,7557
3312,2418,5237
3313,2419,1421
3314,2419,8671
3315,2419,4323
3316,2420,4976
3317,2422,8261
3318,2423,4047
3319,2423,8755
3320,2424,7102
3321,2425,7166
3322,2427,6860
3323,2428,2758
3324,2429,8417
3325,2430,2663
3326,2431,2062
3327,2432,4292
3328,2433,1839
3329,2433,4183
3330,2434,1098
3331,2435,3746
3332,2436,5813
3333,2437,1494
3334,2437,4143
3335,2438,4574
3336,2439,5137
3337,2439,3720
3338,2440,3568
3339,2441,5114
3340,2442,5979
3341,2443,7754
3342,2443,1089
3343,2444,7915
3344,2444,5588
3345,2444,3658
3346,2445,4406
3347,2445,7930
3348,2446,4825
3349,2447,3588
3350,2447,5054
3351,2447,2949
3352,2448,5587
3353,2449,4060
3354,2450,1306
3355,2451,3587
3356,2451,6899
3357,2451,2279
3358,2452,6231
3359,2453,1276
3360,2453,1210
3361,2454,8071
3362,2455,2025
3363,2456,254
3364,2457,8804
3365,2458,3456
3366,2459,7261
3367,2459,5086
3368,2461,1038
3369,2462,3319
3370,2464,971
3371,2464,6291
3372,2464,51
3373,2465,6468
3374,2466,452
3375,2466,3855
3376,2467,7931
3377,2467,7989
3378,2467,194
3379,2468,8761
3380,2469,5149
3381,2470,3413
3382,2471,3815
3383,2471,7912
3384,2472,7143
3385,2472,7876
3386,2472,7825
3387,2473,2596
3388,2475,92
3389,2476,5757
3390,2476,2966
3391,2477,3971
3392,2478,6571
3393,2479,7118
3394,2480,7173
3395,2481,7571
3396,2483,4348
3397,2483,5189
3398,2483,1938
3399,2484,7154
3400,2484,1466
3401,2484,3706
3402,2485,3086
3403,2486,7516
3404,2486,2978
3405,2487,5657
3406,2487,709
3407,2487,2822
3408,2488,3204
3409,2489,8922
3410,2490,1113
3411,2490,5799
3412,2491,6164
3413,2492,7194
3414,2493,8585
3415,2493,5497
3416,2494,1036
3417,2494,5907
3418,2495,6090
3419,2495,8207
3420,2496,4591
3421,2496,8244
3422,2497,4677
3423,2498,7466
3424,2499,5881
3425,2499,4323
3426,2500,5135
3427,2501,5318
3428,2502,1148
3429,2502,7629
3430,2503,7558
3431,2504,1294
3432,2505,955
3433,2505,1076
3434,2505,1212
3435,2506,2303
3436,2506,1242
3437,2507,181
3438,2508,4574
3439,2509,8477
3440,2509,59
3441,2510,3018
3442,2510,8543
3443,2511,3243
3444,2511,170
3445,2512,1957
3446,2513,3592
3447,2513,7493
3448,2513,368
3449,2514,1968
3450,2515,3885
3451,2516,3532
3452,2516,5934
3453,2517,7344
3454,2518,5062
3455,2519,5776
3456,2519,5855
3457,2520,5091
3458,2520,6388
3459,2520,7749
3460,2521,8180
3461,2521,4851
3462,2522,2912
3463,2523,3284
3464,2523,1681
3465,2523,3654
3466,2524,1091
3467,2525,1899
3468,2525,381
3469,2526,7733
3470,2527,3427
3471,2527,8732
3472,2528,2298
3473,2529,3276
3474,2529,7640
3475,2529,3928
3476,2530,2583
3477,2530,8811
3478,2531,1288
3479,2531,8187
3480,2532,8694
3481,2532,5982
3482,2533,8515
3483,2533,2392
3484,2534,8729
3485,2534,7818
3486,2535,1990
3487,2536,5060
3488,2537,8321
3489,2538,2254
3490,2539,7158
3491,2540,4809
3492,2540,7658
3493,2541,6477
3494,2542,7793
3495,2543,1904
3496,2543,6371
3497,2544,8894
3498,2544,2628
3499,2545,5483
3500,2545,4489
3501,2545,3512
3502,2546,2505
3503,2548,543
3504,2549,39
3505,2550,3082
3506,2550,8651
3507,2551,236
3508,2553,1215
3509,2554,2802
3510,2554,4721
3511,2555,5706
3512,2555,4000
3513,2555,7937
3514,2556,2725
3515,2556,4468
3516,2556,2217
3517,2557,1047
3518,2558,8066
3519,2559,1202
3520,2559,523
3521,2560,1766
3522,2561,3761
3523,2562,2039
3524,2562,6724
3525,2562,3603
3526,2563,7156
3527,2564,1646
3528,2565,1884
3529,2566,2844
3530,2566,1894
3531,2567,5624
3532,2568,861
3533,2568,4386
3534,2569,8294
3535,2570,6009
3536,2571,4623
3537,2572,6440
3538,2572,3950
3539,2572,2156
3540,2573,3024
3541,2574,6169
3542,2575,4329
3543,2576,8440
3544,2577,8996
3545,2578,3335
3546,2579,8180
3547,2579,6334
3548,2579,3901
3549,2580,7348
3550,2581,3543
3551,2582,508
3552,2582,1277
3553,2583,6987
3554,2584,1639
3555,2585,1062
3556,2585,5795
3557,2586,7188
3558,2586,349
3559,2587,4732
3560,2588,6623
3561,2589,5733
3562,2590,5541
3563,2590,3519
3564,2591,7254
3565,2592,5412
3566,2593,7271
3567,2594,8594
3568,2594,93
3569,2595,7592
3570,2595,6011
3571,2596,3481
3572,2597,1205
3573,2598,7534
3574,2599,5096
3575,2600,863
3576,2601,3428
3577,2601,648
3578,2602,2286
3579,2603,3169
3580,2604,2139
3581,2605,8154
3582,2605,1451
3583,2606,6394
3584,2606,6801
3585,2607,1133
3586,2608,1660
3587,2608,6301
3588,2609,8141
3589,2609,623
3590,2609,5369
3591,2610,2965
3592,2611,5121
3593,2612,4186
3594,2613,7754
3595,2613,634
3596,2614,228
3597,2615,1342
3598,2615,5006
3599,2616,2082
3600,2617,4128
3601,2617,215
3602,2617,6645
3603,2619,8977
3604,2619,538
3605,2620,841
3606,2621,1029
3607,2622,1657
3608,2623,4890
3609,2623,3821
3610,2624,643
3611,2625,2307
3612,2626,2444
3613,2626,2604
3614,2626,1627
3615,2627,3714
3616,2628,7953
3617,2628,5680
3618,2629,7800
3619,2629,6636
3620,2631,4437
3621,2632,2919
3622,2633,3518
3623,2634,7910
3624,2635,2146
3625,2636,3410
3626,2637,3814
3627,2637,1694
3628,2637,2837
3629,2638,7835
3630,2638,3496
3631,2639,7306
3632,2639,7620
3633,2640,8908
3634,2640,910
3635,2641,1397
3636,2642,7526
3637,2642,2113
3638,2642,5583
3639,2643,6546
3640,2643,92
3641,2644,6002
3642,2645,6173
3643,2645,1282
3644,2645,1378
3645,2646,3170
3646,2647,6010
3647,2647,5524
3648,2648,7976
3649,2649,1192
3650,2649,7840
3651,2649,599
3652,2650,3607
3653,2650,5916
3654,2650,3489
3655,2651,1835
3656,2652,1297
3657,2652,6394
3658,2653,7930
3659,2654,6502
3660,2654,8736
3661,2655,5023
3662,2655,8249
3663,2656,42
3664,2656,4031
3665,2656,3332
3666,2657,4997
3667,2658,4408
3668,2658,7576
3669,2658,1599
3670,2659,6600
3671,2660,7576
3672,2661,2609
3673,2662,6425
3674,2662,7016
3675,2663,2077
3676,2664,4478
3677,2665,2744
3678,2666,8420
3679,2667,8800
3680,2667,1293
3681,2668,3056
3682,2669,6600
3683,2670,4899
3684,2671,7324
3685,2672,8303
3686,2672,7807
3687,2673,8515
3688,2674,6543
3689,2674,995
3690,2674,5273
3691,2675,5059
3692,2676,6036
3693,2677,3400
3694,2678,7270
3695,2678,5139
3696,2678,2741
3697,2679,7272
3698,2679,5387
3699,2680,142
3700,2681,8630
3701,2682,1070
3702,2682,1725
3703,2683,2072
3704,2684,1975
3705,2685,6073
3706,2686,1446
3707,2687,304
3708,2688,8461
3709,2688,4047
3710,2689,5651
3711,2689,7990
3712,2689,3701
3713,2690,3032
3714,2691,5328
3715,2692,1982
3716,2693,4505
3717,2694,8796
3718,2694,1608
3719,2695,5507
3720,2696,8613
3721,2697,3031
3722,2698,5999
3723,2701,2204
3724,2701,7694
3725,2702,970
3726,2703,6630
3727,2704,1449
3728,2705,572
3729,2706,5526
3730,2706,3002
3731,2706,3681
3732,2707,4170
3733,2707,6201
3734,2707,5833
3735,2708,5507
3736,2709,5600
3737,2710,6981
3738,2711,2282
3739,2711,2732
3740,2712,2990
3741,2712,614
3742,2713,2872
3743,2714,8179
3744,2715,6786
3745,2716,4953
3746,2717,4591
3747,2718,788
3748,2718,6304
3749,2719,784
3750,2720,8410
3751,2720,895
3752,2721,1262
3753,2723,4008
3754,2725,631
3755,2726,3906
3756,2727,3864
3757,2728,8828
3758,2729,5354
3759,2729,8872
3760,2729,2137
3761,2730,8756
3762,2731,1981
3763,2732,8502
3764,2733,6823
3765,2733,3271
3766,2734,4570
3767,2735,5411
3768,2736,6743
3769,2736,7585
3770,2736,2593
3771,2737,1318
3772,2738,6357
3773,2738,5132
3774,2739,3227
3775,2740,7990
3776,2741,7211
3777,2742,7723
3778,2743,4256
3779,2744,763
3780,2745,8986
3781,2746,7472
3782,2746,2869
3783,2746,5882
3784,2747,2478
3785,2747,6104
3786,2748,7504
3787,2749,2414
3788,2750,6971
3789,2751,551
3790,2752,7504
3791,2753,820
3792,2753,5065
3793,2754,7602
3794,2755,566
3795,2755,2441
3796,2756,3495
3797,2757,453
3798,2758,5427
3799,2759,808
3800,2760,6446
3801,2761,8281
3802,2761,4510
3803,2761,1686
3804,2762,7271
3805,2762,3976
3806,2763,4348
3807,2764,8016
3808,2765,2409
3809,2765,8071
3810,2765,7382
3811,2766,835
3812,2767,8206
3813,2768,7454
3814,2769,8323
3815,2769,5882
3816,2769,716
3817,2770,7971
3818,2770,1210
3819,2770,7116
3820,2771,3003
3821,2771,4315
3822,2771,4156
3823,2772,2287
3824,2772,4155
3825,2773,3075
3826,2774,5075
3827,2775,3386
3828,2775,7983
3829,2777,3933
3830,2778,7292
3831,2779,8708
3832,2779,1587
3833,2780,4336
3834,2780,5548
3835,2781,1818
3836,2781,2397
3837,2782,52
3838,2783,7904
3839,2785,8443
3840,2786,433
3841,2787,1306
3842,2787,375
3843,2788,2449
3844,2788,7685
3845,2789,4826
3846,2789,1608
3847,2790,2530
3848,2791,3639
3849,2793,5477
3850,2794,957
3851,2795,8906
3852,2796,6445
3853,2796,77
3854,2798,3513
3855,2799,1386
3856,2799,2359
3857,2800,1657
3858,2801,3839
3859,2801,8660
3860,2802,5954
3861,2803,1634
3862,2803,5933
3863,2804,7459
3864,2805,4454
3865,2805,6075
3866,2806,4056
3867,2806,455
3868,2807,1510
3869,2808,5061
3870,2808,5107
3871,2809,702
3872,2810,6458
3873,2811,5617
3874,2811,4261
3875,2812,291
3876,2813,2710
3877,2813,3896
3878,2814,1121
3879,2814,2192
3880,2815,765
3881,2816,2564
3882,2817,6507
3883,2817,4188
3884,2818,7614
3885,2818,6721
3886,2819,7948
3887,2820,720
3888,2820,5460
3889,2822,5466
3890,2822,6864
3891,2823,2610
3892,2823,1021
3893,2823,3903
3894,2825,2985
3895,2826,416
3896,2826,4570
3897,2826,9000
3898,2827,2327
3899,2827,5366
3900,2828,8087
3901,2828,8285
3902,2829,6855
3903,2830,5154
3904,2830,2854
3905,2831,5628
3906,2832,5843
3907,2832,4312
3908,2832,7656
3909,2833,7564
3910,2834,256
3911,2835,4407
3912,2837,1230
3913,2837,4309
3914,2838,8743
3915,2839,2045
3916,2840,1191
3917,2841,8276
3918,2841,6499
3919,2842,8024
3920,2842,4350
3921,2843,1765
3922,2843,6924
3923,2843,5928
3924,2844,8722
3925,2844,54
3926,2845,776
3927,2846,4606
3928,2846,1063
3929,2846,5435
3930,2847,7215
3931,2848,6689
3932,2848,8124
3933,2849,8551
3934,2849,779
3935,2850,8719
3936,2850,6370
3937,2852,1658
3938,2852,3501
3939,2853,5533
3940,2853,2082
3941,2855,7600
3942,2856,2669
3943,2857,5676
3944,2858,7572
3945,2858,6466
3946,2859,4896
3947,2860,6035
3948,2861,3893
3949,2861,8943
3950,2862,4670
3951,2863,1222
3952,2864,2425
3953,2865,2811
3954,2866,8711
3955,2867,250
3956,2868,2197
3957,2869,8492
3958,2870,1919
3959,2870,4544
3960,2871,4729
3961,2872,5524
3962,2873,1984
3963,2874,5396
3964,2875,4995
3965,2875,3710
3966,2876,4641
3967,2877,5900
3968,2878,634
3969,2879,7596
3970,2880,6945
3971,2880,8015
3972,2881,4541
3973,2881,5860
3974,2881,449
3975,2882,7591
3976,2883,2212
3977,2884,5687
3978,2885,2550
3979,2886,2531
3980,2886,6877
3981,2887,3986
3982,2887,4945
3983,2888,1409
3984,2889,1208
3985,2890,5285
3986,2891,59
3987,2892,1315
3988,2893,8058
3989,2893,6827
3990,2894,622
3991,2895,2281
3992,2896,2486
3993,2897,2372
3994,2897,7093
3995,2898,8023
3996,2899,6787
3997,2900,5045
3998,2900,2463
3999,2901,5256
4000,2902,6872
4001,2902,4688
4002,2902,5567
4003,2903,771
4004,2905,5869
4005,2906,6037
4006,2907,427
4007,2909,7154
4008,2910,6225
4009,2911,5860
4010,2911,7276
4011,2912,8255
4012,2912,2640
4013,2912,5881
4014,2913,3597
4015,2914,1393
4016,2915,8808
4017,2916,8890
4018,2917,8209
4019,2918,8432
4020,2918,2829
4021,2918,1585
4022,2919,7110
4023,2920,5950
4024,2921,8738
4025,2922,7357
4026,2922,7134
4027,2922,3557
4028,2923,7459
4029,2923,2677
4030,2924,3932
4031,2924,5193
4032,2925,7955
4033,2926,3869
4034,2927,131
4035,2928,842
4036,2929,3901
4037,2930,1019
4038,2931,4150
4039,2932,2357
4040,2932,4105
4041,2932,8659
4042,2933,7156
4043,2933,970
4044,2934,3281
4045,2935,2513
4046,2936,2676
4047,2937,3734
4048,2937,6769
4049,2938,7074
4050,2938,168
4051,2938,896
4052,2939,5483
4053,2939,5809
4054,2939,5437
4055,2940,3268
4056,2941,5064
4057,2942,7164
4058,2943,3747
4059,2945,8672
4060,2945,8368
4061,2946,1532
4062,2947,8466
4063,2949,4716
4064,2950,5318
4065,2950,1167
4066,2950,66
4067,2951,7629
4068,2952,2583
4069,2953,7811
4070,2954,3449
4071,2955,7972
4072,2956,3833
4073,2957,6658
4074,2958,5298
4075,2959,3057
4076,2960,6063
4077,2960,639
4078,2961,8772
4079,2962,4201
4080,2962,6035
4081,2963,4214
4082,2964,4680
4083,2965,2720
4084,2965,1540
4085,2965,3315
4086,2966,7889
4087,2966,2031
4088,2967,427
4089,2967,1752
4090,2967,8215
4091,2968,4086
4092,2968,6252
4093,2968,6517
4094,2969,6314
4095,2969,625
4096,2970,6931
4097,2970,8225
4098,2970,3929
4099,2971,813
4100,2971,1560
4101,2972,8092
4102,2973,172
4103,2973,6755
4104,2974,8375
4105,2974,3956
4106,2975,3582
4107,2976,3108
4108,2977,4177
4109,2977,3260
4110,2978,3334
4111,2979,8417
4112,2980,4161
4113,2981,6568
4114,2982,8115
4115,2983,2126
4116,2983,7546
4117,2984,4456
4118,2985,3328
4119,2986,3070
4120,2986,5911
4121,2987,4430
4122,2988,5187
4123,2989,72
4124,2990,8980
4125,2991,476
4126,2991,2123
4127,2991,7673
4128,2992,2068
4129,2992,8564
4130,2993,32
4131,2993,4593
4132,2994,1359
4133,2995,8185
4134,2995,2975
4135,2996,5896
4136,2996,3683
4137,2996,7954
4138,2997,285
4139,2997,4122
4140,2998,5066
4141,2998,5163
4142,2999,5715
4143,2999,3254
4144,3000,2782
4145,3001,4770
4146,3002,8069
4147,3002,4091
4148,3003,8794
4149,3003,4606
4150,3004,4524
4151,3004,3253
4152,3005,2492
4153,3005,4695
4154,3005,5840
4155,3006,1021
4156,3007,387
4157,3007,5297
4158,3008,2896
4159,3009,8868
4160,3009,1738
4161,3009,2769
4162,3010,1690
4163,3010,6052
4164,3011,7531
4165,3012,6829
4166,3012,1718
4167,3012,1223
4168,3013,5388
4169,3014,1229
4170,3014,5551
4171,3014,5356
4172,3015,4433
4173,3016,8295
4174,3016,5749
4175,3017,7408
4176,3019,8225
4177,3020,2102
4178,3021,3733
4179,3022,451
4180,3022,5039
4181,3023,4771
4182,3024,8409
4183,3025,572
4184,3026,6509
4185,3027,2177
4186,3028,7679
4187,3029,7867
4188,3029,6478
4189,3030,791
4190,3030,3937
4191,3031,8022
4192,3032,4696
4193,3033,7988
4194,3034,7213
4195,3035,7339
4196,3036,4149
4197,3037,8351
4198,3038,2512
4199,3038,3568
4200,3039,5298
4201,3041,4545
4202,3041,2667
4203,3041,4388
4204,3042,3727
4205,3042,5699
4206,3043,1957
4207,3044,5110
4208,3045,5527
4209,3046,3779
4210,3047,8057
4211,3048,6708
4212,3048,5902
4213,3049,673
4214,3050,4522
4215,3051,3319
4216,3051,4198
4217,3053,7143
4218,3054,2802
4219,3055,6963
4220,3056,6713
4221,3057,642
4222,3058,6030
4223,3058,1750
4224,3059,2812
4225,3060,5450
4226,3061,4710
4227,3062,6000
4228,3062,5264
4229,3063,826
4230,3064,2532
4231,3065,2107
4232,3066,2089
4233,3067,3219
4234,3068,2303
4235,3068,3632
4236,3069,2798
4237,3069,3235
4238,3070,6236
4239,3070,7912
4240,3071,3626
4241,3072,4181
4242,3072,6157
4243,3073,3417
4244,3074,2036
4245,3074,167
4246,3075,1567
4247,3075,6387
4248,3076,6147
4249,3077,7266
4250,3078,4258
4251,3078,8053
4252,3079,1456
4253,3079,271
4254,3080,2509
4255,3080,5777
4256,3081,6
4257,3082,3791
4258,3083,4682
4259,3084,2527
4260,3084,4021
4261,3085,4536
4262,3086,5818
4263,3087,3179
4264,3088,8831
4265,3089,7992
4266,3090,6780
4267,3091,5247
4268,3092,671
4269,3093,7114
4270,3093,6179
4271,3093,1917
4272,3094,2071
4273,3094,1219
4274,3095,823
4275,3096,7612
4276,3097,3522
4277,3098,323
4278,3099,4854
4279,3099,743
4280,3100,8902
4281,3100,7465
4282,3100,8098
4283,3101,7534
4284,3102,173
4285,3102,6790
4286,3103,1967
4287,3104,1170
4288,3105,4037
4289,3106,7132
4290,3107,5785
4291,3107,5719
4292,3108,5014
4293,3108,7332
4294,3110,8849
4295,3111,7061
4296,3111,5723
4297,3112,2163
4298,3113,1064
4299,3113,4764
4300,3114,8888
4301,3115,4638
4302,3116,4811
4303,3116,3064
4304,3117,6154
4305,3118,6542
4306,3119,7435
4307,3119,6219
4308,3119,8265
4309,3120,7983
4310,3121,6653
4311,3122,5963
4312,3122,7492
4313,3123,5874
4314,3123,5448
4315,3123,8623
4316,3124,1254
4317,3125,7102
4318,3125,2028
4319,3126,4933
4320,3127,3921
4321,3128,6086
4322,3128,3994
4323,3128,5825
4324,3129,583
4325,3129,5247
4326,3129,4684
4327,3130,6471
4328,3131,3667
4329,3131,4749
4330,3132,4614
4331,3133,7009
4332,3133,735
4333,3133,7169
4334,3134,6420
4335,3135,741
4336,3135,2936
4337,3135,5661
4338,3137,8778
4339,3138,6801
4340,3139,4158
4341,3140,1327
4342,3141,7726
4343,3142,2457
4344,3143,8770
4345,3143,8633
4346,3144,8357
4347,3145,3878
4348,3146,7111
4349,3147,3966
4350,3148,5315
4351,3148,8778
4352,3149,771
4353,3150,7207
4354,3151,7246
4355,3152,1442
4356,3152,8477
4357,3153,1742
4358,3153,1656
4359,3156,5491
4360,3156,8343
4361,3156,4408
4362,3157,8523
4363,3157,4986
4364,3158,7507
4365,3158,6747
4366,3158,3050
4367,3159,6500
4368,3159,294
4369,3160,5541
4370,3161,6508
4371,3162,8724
4372,3162,1384
4373,3163,5621
4374,3163,4790
4375,3163,6242
4376,3164,2335
4377,3165,3325
4378,3165,2818
4379,3166,5576
4380,3166,8499
4381,3167,8599
4382,3167,4289
4383,3168,6469
4384,3170,8810
4385,3171,3337
4386,3171,7291
4387,3171,4854
4388,3172,6063
4389,3172,7703
4390,3173,6290
4391,3173,8289
4392,3174,3922
4393,3175,8816
4394,3175,2579
4395,3176,146
4396,3177,942
4397,3178,2970
4398,3179,4713
4399,3180,1848
4400,3181,1223
4401,3182,8916
4402,3183,3416
4403,3183,4776
4404,3184,6888
4405,3185,3567
4406,3186,5440
4407,3186,7162
4408,3187,8010
4409,3188,5802
4410,3189,6702
4411,3190,8391
4412,3191,2552
4413,3192,2544
4414,3193,4901
4415,3194,7415
4416,3194,8715
4417,3195,3335
4418,3196,6606
4419,3197,519
4420,3198,297
4421,3199,7208
4422,3200,7754
4423,3200,7231
4424,3200,8636
4425,3201,7436
4426,3201,5190
4427,3202,3718
4428,3202,4400
4429,3203,7481
4430,3204,545
4431,3204,5025
4432,3205,8269
4433,3205,117
4434,3206,8614
4435,3207,6820
4436,3208,2192
4437,3208,184
4438,3209,7201
4439,3209,4063
4440,3211,6312
4441,3211,4199
4442,3211,7510
4443,3212,8826
4444,3214,3998
4445,3214,5178
4446,3215,7260
4447,3216,7482
4448,3216,3535
4449,3216,3023
4450,3217,4291
4451,3218,4490
4452,3218,7134
4453,3218,1982
4454,3219,846
4455,3220,934
4456,3221,5049
4457,3222,8697
4458,3223,923
4459,3225,606
4460,3226,4192
4461,3227,1835
4462,3228,2584
4463,3229,5270
4464,3229,7013
4465,3229,7669
4466,3230,7082
4467,3230,102
4468,3231,6126
4469,3232,3827
4470,3232,6354
4471,3233,904
4472,3233,6706
4473,3234,253
4474,3234,4272
4475,3234,1165
4476,3235,801
4477,3236,4874
4478,3236,1250
4479,3236,3885
4480,3237,505
4481,3238,2012
4482,3239,1532
4483,3240,6322
4484,3240,76
4485,3240,8309
4486,3241,2533
4487,3242,7782
4488,3243,330
4489,3244,6763
4490,3245,7626
4491,3245,4082
4492,3246,2653
4493,3247,6006
4494,3248,3406
4495,3248,494
4496,3249,5274
4497,3250,4950
4498,3251,5452
4499,3252,8983
4500,3252,4667
4501,3252,862
4502,3253,3093
4503,3254,4019
4504,3255,7564
4505,3255,7151
4506,3257,7084
4507,3257,4938
4508,3258,1823
4509,3259,8946
4510,3260,3928
4511,3260,640
4512,3261,313
4513,3262,2900
4514,3263,6266
4515,3265,6752
4516,3266,2600
4517,3267,1980
4518,3268,8920
4519,3268,5585
4520,3269,2995
4521,3270,3757
4522,3270,3569
4523,3270,7601
4524,3271,1834
4525,3272,4237
4526,3272,3349
4527,3273,5431
4528,3273,1231
4529,3274,7655
4530,3275,1298
4531,3276,1666
4532,3276,4010
4533,3276,5280
4534,3277,8668
4535,3278,4502
4536,3278,8298
4537,3279,4900
4538,3279,2813
4539,3279,373
4540,3280,466
4541,3281,2917
4542,3282,3452
4543,3283,8567
4544,3284,5942
4545,3286,520
4546,3286,7140
4547,3286,5897
4548,3287,8446
4549,3287,4098
4550,3288,6612
4551,3290,2341
4552,3290,3862
4553,3291,7906
4554,3291,4091
4555,3292,3623
4556,3293,995
4557,3294,2855
4558,3294,5930
4559,3294,8181
4560,3295,1424
4561,3295,7944
4562,3296,5028
4563,3296,2389
4564,3296,4742
4565,3297,7000
4566,3298,3173
4567,3299,6306
4568,3299,3135
4569,3300,5573
4570,3300,2275
4571,3301,4415
4572,3302,3654
4573,3303,2975
4574,3304,5887
4575,3305,6256
4576,3306,5956
4577,3307,2713
4578,3308,4845
4579,3309,6269
4580,3309,6361
4581,3310,4429
4582,3311,8573
4583,3312,2490
4584,3312,2017
4585,3312,1312
4586,3314,1667
4587,3314,5771
4588,3315,7219
4589,3317,2986
4590,3319,2736
4591,3321,6862
4592,3322,2359
4593,3323,324
4594,3324,2498
4595,3324,8666
4596,3325,558
4597,3326,6779
4598,3327,6891
4599,3328,96
4600,3330,7669
4601,3330,8689
4602,3331,7671
4603,3331,3717
4604,3331,4756
4605,3332,2545
4606,3333,1923
4607,3333,1487
4608,3334,142
4609,3335,7981
4610,3336,876
4611,3337,4834
4612,3337,3396
4613,3337,2118
4614,3338,3219
4615,3340,441
4616,3341,3002
4617,3341,7311
4618,3342,4210
4619,3343,5317
4620,3344,1739
4621,3345,7197
4622,3346,1678
4623,3346,2812
4624,3346,6876
4625,3347,1333
4626,3348,8879
4627,3348,6611
4628,3349,6756
4629,3349,3111
4630,3350,5417
4631,3351,1080
4632,3352,4354
4633,3352,3257
4634,3353,4154
4635,3354,2022
4636,3355,3893
4637,3356,8022
4638,3356,8493
4639,3357,7663
4640,3358,8928
4641,3359,6640
4642,3360,8020
4643,3361,5123
4644,3361,979
4645,3361,4941
4646,3362,777
4647,3363,8528
4648,3363,4065
4649,3365,6319
4650,3366,7715
4651,3367,1261
4652,3368,6641
4653,3370,305
4654,3370,8358
4655,3371,3903
4656,3371,4315
4657,3372,1197
4658,3372,8706
4659,3373,6408
4660,3374,2503
4661,3374,5345
4662,3375,731
4663,3375,3772
4664,3376,3910
4665,3377,4266
4666,3378,1191
4667,3379,3358
4668,3380,342
4669,3380,4603
4670,3381,4974
4671,3381,2149
4672,3381,6156
4673,3382,8723
4674,3384,935
4675,3384,4473
4676,3385,726
4677,3385,2371
4678,3386,6572
4679,3386,1175
4680,3387,3310
4681,3388,7671
4682,3388,3459
4683,3388,1098
4684,3389,4757
4685,3389,4324
4686,3390,3568
4687,3391,6479
4688,3392,7730
4689,3393,8279
4690,3394,1501
4691,3395,517
4692,3396,6093
4693,3397,6538
4694,3398,8529
4695,3399,3520
4696,3400,5744
4697,3401,3454
4698,3402,8588
4699,3403,1669
4700,3404,1411
4701,3405,4628
4702,3405,7343
4703,3406,7719
4704,3407,3185
4705,3408,5773
4706,3409,4223
4707,3410,2603
4708,3410,8860
4709,3410,1116
4710,3411,8346
4711,3412,8456
4712,3412,8838
4713,3413,3425
4714,3414,8839
4715,3414,3119
4716,3415,3564
4717,3416,2130
4718,3417,7852
4719,3418,3635
4720,3419,4732
4721,3420,3203
4722,3421,7148
4723,3421,24
4724,3422,8755
4725,3423,6213
4726,3423,642
4727,3424,4716
4728,3424,5522
4729,3425,2474
4730,3426,6517
4731,3427,4188
4732,3428,1142
4733,3428,7657
4734,3428,8374
4735,3430,3924
4736,3431,8313
4737,3432,4695
4738,3433,6322
4739,3433,1000
4740,3433,5660
4741,3434,7833
4742,3435,2818
4743,3436,5397
4744,3436,3306
4745,3437,1947
4746,3438,6138
4747,3438,4466
4748,3439,3961
4749,3439,76
4750,3440,3556
4751,3440,1215
4752,3441,4495
4753,3441,74
4754,3442,5086
4755,3444,5043
4756,3444,8393
4757,3445,1573
4758,3445,4572
4759,3445,1213
4760,3446,3943
4761,3446,5240
4762,3447,4830
4763,3448,4988
4764,3449,6038
4765,3450,1151
4766,3450,4724
4767,3451,7826
4768,3452,4238
4769,3453,3467
4770,3454,3551
4771,3455,911
4772,3456,1990
4773,3456,1991
4774,3457,4573
4775,3457,3110
4776,3458,5580
4777,3459,1112
4778,3460,5998
4779,3460,7817
4780,3460,7273
4781,3461,3139
4782,3461,3586
4783,3462,8371
4784,3463,8027
4785,3463,6955
4786,3464,312
4787,3465,6815
4788,3466,7647
4789,3468,1215
4790,3469,6707
4791,3469,5966
4792,3470,5085
4793,3471,2942
4794,3471,1360
4795,3472,7157
4796,3473,3696
4797,3474,7460
4798,3475,4757
4799,3476,1522
4800,3477,2983
4801,3477,1412
4802,3478,3441
4803,3478,1264
4804,3478,7583
4805,3479,5622
4806,3480,720
4807,3480,1856
4808,3480,7159
4809,3481,2317
4810,3482,6025
4811,3483,314
4812,3484,134
4813,3485,6398
4814,3486,5782
4815,3487,8797
4816,3487,8359
4817,3488,1230
4818,3488,2803
4819,3489,3259
4820,3490,1779
4821,3491,5303
4822,3491,8991
4823,3492,1264
4824,3492,2093
4825,3493,3839
4826,3494,8409
4827,3494,8767
4828,3495,150
4829,3496,519
4830,3497,573
4831,3498,3942
4832,3498,5270
4833,3499,6665
4834,3500,55
4835,3500,8863
4836,3501,5492
4837,3502,4196
4838,3502,4623
4839,3503,5349
4840,3503,5916
4841,3504,6548
4842,3505,8477
4843,3505,1344
4844,3506,8332
4845,3507,248
4846,3508,7859
4847,3509,4425
4848,3510,6819
4849,3510,6438
4850,3511,7139
4851,3512,895
4852,3513,128
4853,3513,6341
4854,3514,2686
4855,3515,5777
4856,3516,5713
4857,3516,6584
4858,3517,3151
4859,3517,8660
4860,3518,5409
4861,3519,874
4862,3519,1607
4863,3520,2559
4864,3521,5200
4865,3521,4473
4866,3522,2105
4867,3523,3956
4868,3523,896
4869,3524,5468
4870,3525,6052
4871,3526,8171
4872,3526,5131
4873,3527,8532
4874,3528,8853
4875,3529,4868
4876,3529,4200
4877,3530,451
4878,3531,5032
4879,3532,260
4880,3533,2468
4881,3534,5380
4882,3534,6790
4883,3535,2929
4884,3536,5858
4885,3537,6140
4886,3538,8205
4887,3539,4714
4888,3539,8474
4889,3540,6363
4890,3540,517
4891,3540,2144
4892,3541,4764
4893,3541,129
4894,3542,61
4895,3543,1140
4896,3543,6484
4897,3544,2058
4898,3545,1332
4899,3546,3048
4900,3547,8124
4901,3548,2519
4902,3549,1617
4903,3550,8054
4904,3551,1365
4905,3552,6521
4906,3552,1823
4907,3552,8675
4908,3553,7997
4909,3554,7539
4910,3555,3078
4911,3555,4697
4912,3555,2684
4913,3556,220
4914,3557,3478
4915,3557,6532
4916,3558,6920
4917,3559,3853
4918,3560,4093
4919,3560,7614
4920,3561,7865
4921,3562,3119
4922,3562,6014
4923,3563,5957
4924,3564,6725
4925,3565,6965
4926,3566,6268
4927,3566,2168
4928,3567,5282
4929,3567,2014
4930,3567,5637
4931,3569,4805
4932,3570,6250
4933,3570,196
4934,3571,3308
4935,3572,7906
4936,3573,5550
4937,3573,4413
4938,3574,1951
4939,3575,6587
4940,3575,5956
4941,3575,548
4942,3576,7741
4943,3577,1628
4944,3578,2373
4945,3578,3909
4946,3579,8042
4947,3579,5094
4948,3580,2795
4949,3581,6949
4950,3582,6105
4951,3583,6594
4952,3584,4105
4953,3585,3125
4954,3585,8993
4955,3586,7868
4956,3587,5416
4957,3588,2983
4958,3589,7395
4959,3590,5676
4960,3591,2219
4961,3592,8311
4962,3593,4834
4963,3593,2146
4964,3593,8535
4965,3594,7956
4966,3594,8306
4967,3594,5527
4968,3595,995
4969,3597,2133
4970,3598,991
4971,3598,7669
4972,3599,6166
4973,3600,6442
4974,3601,8057
4975,3601,7675
4976,3601,1817
4977,3603,1933
4978,3603,1576
4979,3604,3289
4980,3604,5020
4981,3605,1038
4982,3605,6617
4983,3605,334
4984,3606,2103
4985,3607,8286
4986,3607,5463
4987,3607,1281
4988,3608,2284
4989,3609,3218
4990,3610,8028
4991,3611,546
4992,3612,7309
4993,3612,3369
4994,3612,7366
4995,3614,5407
4996,3615,6984
4997,3616,7297
4998,3617,3624
4999,3618,1075
5000,3619,1113
5001,3620,611
5002,3620,8347
5003,3621,6568
5004,3621,8552
5005,3622,4361
5006,3622,296
5007,3623,2155
5008,3624,5138
5009,3624,1521
5010,3625,634
5011,3626,8189
5012,3627,3421
5013,3627,356
5014,3628,8995
5015,3629,6953
5016,3630,1094
5017,3631,5924
5018,3632,5225
5019,3633,5789
5020,3634,1680
5021,3635,7901
5022,3635,3616
5023,3636,5375
5024,3637,6511
5025,3638,5651
5026,3640,5620
5027,3640,7409
5028,3641,1317
5029,3642,1917
5030,3643,8773
5031,3644,5904
5032,3644,476
5033,3645,7857
5034,3646,5415
5035,3646,149
5036,3647,1963
5037,3647,7278
5038,3648,650
5039,3649,2124
5040,3650,4836
5041,3651,4533
5042,3652,1472
5043,3652,6721
5044,3653,4778
5045,3654,6698
5046,3654,3008
5047,3654,1863
5048,3655,2331
5049,3655,8486
5050,3655,5986
5051,3656,5170
5052,3656,1977
5053,3657,80
5054,3658,545
5055,3659,1683
5056,3660,8794
5057,3661,881
5058,3661,3470
5059,3662,2359
5060,3662,4623
5061,3663,8016
5062,3664,8692
5063,3664,8292
5064,3665,2020
5065,3666,1513
5066,3667,7284
5067,3667,337
5068,3667,6667
5069,3668,4407
5070,3668,5356
5071,3668,5684
5072,3669,8308
5073,3670,2222
5074,3671,8210
5075,3672,4416
5076,3673,1688
5077,3673,477
5078,3673,4557
5079,3674,4211
5080,3675,6301
5081,3676,4002
5082,3677,7153
5083,3678,1390
5084,3679,6328
5085,3680,7160
5086,3680,5519
5087,3680,2550
5088,3681,5843
5089,3681,1916
5090,3681,305
5091,3682,659
5092,3682,3834
5093,3683,270
5094,3683,6921
5095,3684,8598
5096,3684,2828
5097,3684,8293
5098,3685,2612
5099,3686,8551
5100,3687,4910
5101,3688,1845
5102,3689,5572
5103,3690,6512
5104,3690,4578
5105,3691,4210
5106,3691,4065
5107,3692,2806
5108,3693,153
5109,3694,3354
5110,3694,1830
5111,3695,6177
5112,3696,876
5113,3696,1635
5114,3696,6964
5115,3697,8258
5116,3698,7809
5117,3699,207
5118,3699,7041
5119,3700,2281
5120,3701,3805
5121,3701,600
5122,3701,3397
5123,3702,3242
5124,3702,3910
5125,3702,3402
5126,3704,1281
5127,3705,2096
5128,3706,7948
5129,3707,7585
5130,3708,6762
5131,3709,5993
5132,3710,4278
5133,3711,41
5134,3711,852
5135,3712,3602
5136,3713,931
5137,3714,6583
5138,3714,5531
5139,3715,3952
5140,3715,6486
5141,3715,4072
5142,3716,4838
5143,3717,8674
5144,3718,1405
5145,3719,4145
5146,3719,5824
5147,3719,420
5148,3720,8986
5149,3721,965
5150,3722,5062
5151,3723,6586
5152,3723,1329
5153,3724,8983
5154,3724,4418
5155,3724,4313
5156,3725,206
5157,3726,4770
5158,3728,1198
5159,3730,2661
5160,3730,4572
5161,3731,1133
5162,3732,3977
5163,3732,7687
5164,3732,1081
5165,3734,7669
5166,3734,5895
5167,3734,6138
5168,3735,3163
5169,3736,3315
5170,3736,3925
5171,3737,8018
5172,3737,1515
5173,3738,1658
5174,3739,2262
5175,3740,7971
5176,3741,8561
5177,3741,2934
5178,3742,427
5179,3742,2415
5180,3743,327
5181,3743,8476
5182,3743,4058
5183,3744,7804
5184,3744,7991
5185,3744,4654
5186,3745,1437
5187,3745,1158
5188,3746,7475
5189,3747,3512
5190,3747,634
5191,3748,8951
5192,3748,8887
5193,3749,1522
5194,3750,7651
5195,3750,5862
5196,3751,8184
5197,3752,1131
5198,3753,2642
5199,3753,8733
5200,3754,7519
5201,3754,5743
5202,3755,6024
5203,3756,285
5204,3757,2590
5205,3758,1136
5206,3759,1885
5207,3759,3811
5208,3760,4847
5209,3761,490
5210,3762,4109
5211,3762,5216
5212,3763,5520
5213,3764,658
5214,3765,3814
5215,3766,1483
5216,3767,3067
5217,3768,6474
5218,3769,7237
5219,3770,2096
5220,3770,3191
5221,3771,4793
5222,3772,1847
5223,3772,2140
5224,3773,3136
5225,3773,356
5226,3773,7318
5227,3774,5622
5228,3775,1259
5229,3776,5329
5230,3776,3553
5231,3777,5755
5232,3778,6794
5233,3779,6267
5234,3779,4506
5235,3780,5608
5236,3781,6362
5237,3782,7881
5238,3782,3518
5239,3783,7663
5240,3784,1577
5241,3784,2687
5242,3784,3305
5243,3785,3146
5244,3785,8139
5245,3785,396
5246,3786,7469
5247,3786,5030
5248,3786,4177
5249,3787,6848
5250,3787,2930
5251,3788,5805
5252,3789,1956
5253,3789,5767
5254,3789,4496
5255,3790,8750
5256,3790,1349
5257,3791,7416
5258,3792,4221
5259,3792,4164
5260,3793,6920
5261,3794,5933
5262,3795,2032
5263,3796,451
5264,3797,5549
5265,3797,7762
5266,3798,8745
5267,3800,6121
5268,3801,3979
5269,3802,7982
5270,3803,4614
5271,3803,4131
5272,3803,3749
5273,3804,6110
5274,3805,5513
5275,3806,5620
5276,3807,7612
5277,3807,4429
5278,3807,8542
5279,3808,2019
5280,3810,2798
5281,3811,3104
5282,3812,430
5283,3813,637
5284,3813,5854
5285,3814,8294
5286,3814,3734
5287,3815,7664
5288,3815,6749
5289,3816,3272
5290,3817,817
5291,3818,2271
5292,3818,1788
5293,3819,5357
5294,3820,7360
5295,3820,2958
5296,3821,5012
5297,3822,3430
5298,3823,7516
5299,3823,1836
5300,3824,7101
5301,3825,7618
5302,3825,8872
5303,3826,6200
5304,3827,2860
5305,3827,5029
5306,3827,7271
5307,3828,8537
5308,3829,3930
5309,3829,2138
5310,3829,7604
5311,3830,4481
5312,3830,4926
5313,3831,7791
5314,3832,842
5315,3832,2480
5316,3833,1360
5317,3834,3365
5318,3835,2979
5319,3835,2004
5320,3835,3838
5321,3836,3939
5322,3837,1731
5323,3838,3924
5324,3839,3590
5325,3839,227
5326,3840,2123
5327,3842,1169
5328,3843,60
5329,3843,7276
5330,3844,8309
5331,3845,4684
5332,3846,7554
5333,3846,3198
5334,3846,1504
5335,3847,2479
5336,3847,1952
5337,3848,1894
5338,3849,2583
5339,3849,7787
5340,3850,1288
5341,3850,7888
5342,3851,7213
5343,3852,8752
5344,3853,1367
5345,3854,6301
5346,3854,6317
5347,3855,8312
5348,3855,311
5349,3856,2822
5350,3856,4911
5351,3857,2587
5352,3858,5317
5353,3859,875
5354,3859,6719
5355,3860,3803
5356,3860,5988
5357,3861,2988
5358,3861,6346
5359,3862,4725
5360,3862,5532
5361,3863,4728
5362,3864,8686
5363,3865,2861
5364,3866,5218
5365,3867,641
5366,3868,8519
5367,3869,5609
5368,3870,5125
5369,3871,4062
5370,3871,4903
5371,3872,4853
5372,3872,469
5373,3873,4531
5374,3874,6891
5375,3875,2910
5376,3875,4041
5377,3876,7881
5378,3877,3416
5379,3878,251
5380,3878,3553
5381,3879,7229
5382,3880,5282
5383,3881,5577
5384,3882,3190
5385,3883,443
5386,3883,1558
5387,3883,6892
5388,3884,8748
5389,3884,18
5390,3886,3781
5391,3886,6276
5392,3887,1671
5393,3887,6917
5394,3887,8732
5395,3888,6047
5396,3889,3826
5397,3890,4721
5398,3891,7210
5399,3891,3629
5400,3892,6958
5401,3893,3505
5402,3893,8380
5403,3893,2684
5404,3894,7304
5405,3894,1071
5406,3895,8402
5407,3895,7342
5408,3896,4044
5409,3896,2009
5410,3896,454
5411,3897,8710
5412,3898,6747
5413,3898,8228
5414,3899,7137
5415,3900,6659
5416,3901,2557
5417,3902,6524
5418,3902,7913
5419,3903,66
5420,3903,7472
5421,3904,5616
5422,3905,582
5423,3906,258
5424,3907,7656
5425,3908,2595
5426,3908,1577
5427,3909,8784
5428,3910,3923
5429,3911,4835
5430,3912,3644
5431,3913,1058
5432,3914,6482
5433,3915,2352
5434,3916,2883
5435,3917,7363
5436,3917,2214
5437,3917,3419
5438,3919,4579
5439,3919,920
5440,3920,145
5441,3921,279
5442,3921,8729
5443,3922,7752
5444,3922,2606
5445,3923,3053
5446,3923,5349
5447,3923,3397
5448,3924,5417
5449,3924,5960
5450,3925,4208
5451,3926,4963
5452,3926,6536
5453,3927,4408
5454,3928,5570
5455,3928,7997
5456,3930,167
5457,3930,6023
5458,3931,2406
5459,3931,637
5460,3932,8135
5461,3933,8390
5462,3934,7721
5463,3935,7916
5464,3935,3368
5465,3936,7264
5466,3936,2762
5467,3937,4601
5468,3940,5165
5469,3940,5048
5470,3940,1382
5471,3941,5402
5472,3942,7145
5473,3942,2811
5474,3943,5654
5475,3944,3136
5476,3945,5728
5477,3946,4952
5478,3947,3441
5479,3948,4326
5480,3949,683
5481,3950,2098
5482,3951,7571
5483,3952,8692
5484,3952,5264
5485,3952,238
5486,3953,5396
5487,3953,3782
5488,3953,4929
5489,3954,6934
5490,3955,6250
5491,3956,1987
5492,3956,65
5493,3957,3587
5494,3958,8482
5495,3959,2894
5496,3960,5709
5497,3961,7621
5498,3962,2846
5499,3963,8389
5500,3964,6172
5501,3965,222
5502,3967,4086
5503,3969,3914
5504,3970,4972
5505,3970,3499
5506,3970,5330
5507,3971,2405
5508,3972,7185
5509,3973,4878
5510,3974,7795
5511,3975,8870
5512,3976,6702
5513,3977,3413
5514,3978,6993
5515,3979,5484
5516,3980,3283
5517,3981,8399
5518,3981,4999
5519,3981,293
5520,3982,8261
5521,3982,5752
5522,3982,3805
5523,3984,2383
5524,3984,6696
5525,3985,2621
5526,3986,6553
5527,3987,1739
5528,3988,4911
5529,3988,5261
5530,3989,3704
5531,3990,5836
5532,3991,4637
5533,3991,7190
5534,3992,1193
5535,3993,891
5536,3993,4690
5537,3993,1885
5538,3994,8748
5539,3995,399
5540,3996,589
5541,3996,2823
5542,3997,2512
5543,3997,8647
5544,3998,1790
5545,3999,4410
5546,3999,1955
5547,4001,4676
5548,4001,8647
5549,4001,6269
5550,4002,489
5551,4002,2308
5552,4002,1799
5553,4003,6817
5554,4003,3194
5555,4004,1682
5556,4005,2388
5557,4006,7113
5558,4006,8118
5559,4007,2924
5560,4007,1208
5561,4008,3440
5562,4008,6168
5563,4008,3941
5564,4009,2288
5565,4010,1303
5566,4010,5850
5567,4011,452
5568,4012,8848
5569,4012,3167
5570,4012,4283
5571,4013,7654
5572,4013,6654
5573,4013,6466
5574,4014,855
5575,4015,8204
5576,4016,1497
5577,4017,7618
5578,4018,6794
5579,4018,3128
5580,4018,2609
5581,4019,3008
5582,4019,5666
5583,4020,4458
5584,4021,5705
5585,4021,682
5586,4021,3238
5587,4022,2278
5588,4023,6033
5589,4023,8356
5590,4024,5513
5591,4025,532
5592,4025,8822
5593,4026,570
5594,4026,3739
5595,4027,4576
5596,4027,8606
5597,4028,6510
5598,4028,8737
5599,4028,5491
5600,4029,620
5601,4030,5841
5602,4031,6319
5603,4032,3621
5604,4033,1844
5605,4034,2575
5606,4034,8114
5607,4035,6209
5608,4036,7466
5609,4037,3594
5610,4038,3429
5611,4038,2476
5612,4039,1989
5613,4039,6328
5614,4039,7997
5615,4040,2683
5616,4041,7358
5617,4042,223
5618,4043,4512
5619,4043,6280
5620,4044,4790
5621,4045,7688
5622,4046,6068
5623,4046,158
5624,4047,5464
5625,4048,390
5626,4049,942
5627,4050,7632
5628,4051,521
5629,4052,3287
5630,4053,8249
5631,4054,6726
5632,4054,5155
5633,4055,815
5634,4055,3669
5635,4056,8293
5636,4056,8778
5637,4057,5948
5638,4058,2105
5639,4059,3326
5640,4059,2646
5641,4060,8663
5642,4061,3102
5643,4062,5501
5644,4062,2283
5645,4063,344
5646,4064,2501
5647,4065,8088
5648,4066,6227
5649,4067,3982
5650,4068,179
5651,4069,1560
5652,4070,5350
5653,4071,5654
5654,4071,4891
5655,4071,3446
5656,4072,7919
5657,4073,8166
5658,4073,2578
5659,4073,8231
5660,4074,4720
5661,4075,7386
5662,4076,4161
5663,4077,309
5664,4078,1885
5665,4078,4751
5666,4079,3872
5667,4080,853
5668,4081,7397
5669,4082,6872
5670,4083,345
5671,4084,6424
5672,4085,1081
5673,4086,6364
5674,4087,1101
5675,4088,6000
5676,4089,2380
5677,4090,1351
5678,4091,7249
5679,4091,2812
5680,4092,1213
5681,4093,6903
5682,4094,4584
5683,4095,8272
5684,4095,2918
5685,4096,5023
5686,4096,7739
5687,4097,2063
5688,4098,2701
5689,4098,1351
5690,4098,298
5691,4099,1959
5692,4099,8425
5693,4100,1677
5694,4101,6615
5695,4102,2345
5696,4103,3918
5697,4104,8908
5698,4104,2887
5699,4105,1426
5700,4106,3941
5701,4106,4319
5702,4107,6656
5703,4107,3335
5704,4108,7071
5705,4109,2748
5706,4111,5194
5707,4111,6756
5708,4111,4716
5709,4112,6174
5710,4113,8902
5711,4114,2903
5712,4114,2292
5713,4114,6861
5714,4115,1762
5715,4116,7733
5716,4117,939
5717,4117,3663
5718,4117,6080
5719,4118,2461
5720,4118,6696
5721,4119,7590
5722,4120,5089
5723,4121,6581
5724,4122,8462
5725,4122,3166
5726,4123,5606
5727,4123,3788
5728,4123,1367
5729,4124,3721
5730,4124,8803
5731,4124,1549
5732,4125,4529
5733,4126,5827
5734,4127,1434
5735,4127,3824
5736,4127,4976
5737,4128,529
5738,4128,8873
5739,4129,2685
5740,4130,6557
5741,4130,2218
5742,4131,4213
5743,4132,689
5744,4132,3490
5745,4133,1943
5746,4134,1507
5747,4135,1300
5748,4135,8944
5749,4136,7492
5750,4136,242
5751,4137,1593
5752,4137,2071
5753,4137,5432
5754,4138,881
5755,4140,2735
5756,4141,8391
5757,4142,3728
5758,4143,6087
5759,4144,5185
5760,4144,977
5761,4146,3008
5762,4147,8312
5763,4148,7771
5764,4149,2265
5765,4149,7035
5766,4150,8142
5767,4150,7965
5768,4151,5993
5769,4151,4831
5770,4151,8717
5771,4152,7750
5772,4153,8421
5773,4153,1092
5774,4154,6100
5775,4154,3270
5776,4154,8254
5777,4155,3214
5778,4156,1185
5779,4157,2634
5780,4157,1931
5781,4157,8404
5782,4158,7338
5783,4159,2530
5784,4160,7470
5785,4160,3874
5786,4161,2691
5787,4162,2989
5788,4163,2964
5789,4164,4681
5790,4164,840
5791,4165,241
5792,4166,6338
5793,4166,7016
5794,4167,2963
5795,4168,5854
5796,4168,4612
5797,4168,2156
5798,4169,30
5799,4170,4613
5800,4171,2546
5801,4172,3111
5802,4173,5540
5803,4174,3233
5804,4175,1719
5805,4176,1061
5806,4177,8031
5807,4178,5884
5808,4179,7355
5809,4180,5084
5810,4180,6958
5811,4181,4607
5812,4181,2929
5813,4181,5686
5814,4182,6249
5815,4183,7580
5816,4184,5166
5817,4185,2339
5818,4186,7190
5819,4187,2335
5820,4188,7702
5821,4189,7230
5822,4190,887
5823,4191,5126
5824,4192,3395
5825,4192,746
5826,4192,4722
5827,4193,235
5828,4194,7009
5829,4195,6254
5830,4196,2866
5831,4197,7257
5832,4198,8225
5833,4199,1233
5834,4200,1167
5835,4201,4619
5836,4201,2082
5837,4202,6641
5838,4203,4895
5839,4204,8512
5840,4205,4717
5841,4205,6301
5842,4206,3082
5843,4207,2878
5844,4207,6468
5845,4208,1523
5846,4209,2408
5847,4210,3906
5848,4211,8924
5849,4211,4767
5850,4212,3329
5851,4213,6736
5852,4214,6549
5853,4215,3595
5854,4215,8879
5855,4215,1203
5856,4217,6855
5857,4217,7270
5858,4218,5239
5859,4218,4665
5860,4219,6448
5861,4219,7128
5862,4220,5154
5863,4221,7704
5864,4222,8914
5865,4223,3113
5866,4224,4600
5867,4224,7393
5868,4225,1341
5869,4226,4403
5870,4227,5125
5871,4228,3725
5872,4228,2632
5873,4228,8287
5874,4229,4179
5875,4229,2196
5876,4229,1357
5877,4230,8037
5878,4230,74
5879,4230,7980
5880,4231,6650
5881,4232,4771
5882,4232,6337
5883,4233,8768
5884,4233,7086
5885,4233,2494
5886,4234,4652
5887,4234,1151
5888,4234,8992
5889,4235,722
5890,4236,7504
5891,4237,5375
5892,4237,6169
5893,4238,5010
5894,4239,1708
5895,4240,686
5896,4240,1898
5897,4241,6575
5898,4241,6310
5899,4242,2713
5900,4242,3462
5901,4243,2155
5902,4245,6246
5903,4246,8607
5904,4247,8645
5905,4248,8607
5906,4249,1493
5907,4250,4387
5908,4250,856
5909,4251,983
5910,4251,1976
5911,4252,5536
5912,4253,6412
5913,4254,3958
5914,4254,1381
5915,4255,1539
5916,4256,4374
5917,4257,5039
5918,4258,7595
5919,4259,1002
5920,4259,845
5921,4259,1745
5922,4260,3593
5923,4261,2901
5924,4262,8791
5925,4264,3739
5926,4265,7193
5927,4266,4543
5928,4266,6162
5929,4267,8783
5930,4268,2075
5931,4269,5887
5932,4270,6450
5933,4271,3083
5934,4272,2705
5935,4273,4921
5936,4273,4906
5937,4273,7210
5938,4274,8009
5939,4274,8076
5940,4275,835
5941,4276,5677
5942,4277,4825
5943,4278,6650
5944,4279,5987
5945,4279,7501
5946,4280,6907
5947,4281,8820
5948,4281,6658
5949,4282,4799
5950,4282,5612
5951,4283,5259
5952,4283,7453
5953,4283,6912
5954,4285,5175
5955,4286,5864
5956,4286,6932
5957,4287,311
5958,4287,2552
5959,4287,5431
5960,4288,8078
5961,4289,4313
5962,4289,3697
5963,4290,7791
5964,4291,2705
5965,4291,256
5966,4292,1292
5967,4293,7802
5968,4294,8775
5969,4295,4635
5970,4296,8644
5971,4297,7345
5972,4297,1062
5973,4298,1499
5974,4299,8053
5975,4299,2632
5976,4300,1412
5977,4300,6719
5978,4301,6106
5979,4302,422
5980,4303,5267
5981,4304,4489
5982,4305,8638
5983,4305,4304
5984,4306,3295
5985,4307,71
5986,4307,4473
5987,4308,4537
5988,4309,8825
5989,4310,5617
5990,4312,2648
5991,4313,8433
5992,4314,8153
5993,4314,2630
5994,4315,5135
5995,4315,748
5996,4315,1322
5997,4316,1284
5998,4317,4155
5999,4317,472
6000,4318,3098
6001,4319,1138
6002,4320,5800
6003,4320,25
6004,4321,4191
6005,4321,4460
6006,4322,954
6007,4322,1499
6008,4322,7507
6009,4323,8709
6010,4323,2849
6011,4323,8082
6012,4325,8784
6013,4326,5453
6014,4327,2656
6015,4327,587
6016,4328,4755
6017,4329,8053
6018,4330,7642
6019,4330,1282
6020,4331,5336
6021,4332,877
6022,4332,3912
6023,4332,735
6024,4333,6077
6025,4333,6063
6026,4333,3586
6027,4334,1015
6028,4335,8775
6029,4336,1767
6030,4336,3946
6031,4337,7571
6032,4337,3535
6033,4338,7447
6034,4339,8815
6035,4340,334
6036,4342,5320
6037,4343,3144
6038,4343,6686
6039,4344,2976
6040,4344,896
6041,4344,4117
6042,4345,8534
6043,4347,2279
6044,4347,460
6045,4347,2895
6046,4348,1290
6047,4349,114
6048,4349,5564
6049,4349,4561
6050,4350,7336
6051,4351,3959
6052,4352,1784
6053,4352,6732
6054,4353,8055
6055,4355,8299
6056,4356,6863
6057,4357,3107
6058,4357,7965
6059,4357,4509
6060,4358,2218
6061,4358,3806
6062,4359,8744
6063,4360,8468
6064,4361,4023
6065,4362,2781
6066,4363,1348
6067,4364,8010
6068,4365,3103
6069,4366,8740
6070,4367,3657
6071,4368,8816
6072,4368,6877
6073,4369,4627
6074,4369,5280
6075,4370,7496
6076,4371,1737
6077,4372,3319
6078,4372,5431
6079,4372,7300
6080,4373,3359
6081,4374,4739
6082,4375,1836
6083,4377,5894
6084,4377,5917
6085,4377,3309
6086,4378,981
6087,4378,8579
6088,4379,2271
6089,4380,2938
6090,4381,4950
6091,4382,2048
6092,4384,2167
6093,4385,6236
6094,4386,2887
6095,4387,2123
6096,4387,4502
6097,4387,4226
6098,4388,5672
6099,4388,453
6100,4389,5024
6101,4390,101
6102,4390,73
6103,4392,6798
6104,4393,5368
6105,4394,4777
6106,4395,3964
6107,4396,5466
6108,4397,5366
6109,4398,7779
6110,4399,2381
6111,4399,4946
6112,4400,6814
6113,4400,8822
6114,4401,2323
6115,4402,3989
6116,4402,7202
6117,4402,1010
6118,4403,3687
6119,4404,68
6120,4405,727
6121,4405,3409
6122,4406,5378
6123,4407,3051
6124,4408,7353
6125,4409,7813
6126,4409,3139
6127,4410,7463
6128,4410,5126
6129,4411,3319
6130,4411,315
6131,4412,5648
6132,4413,25
6133,4414,1927
6134,4414,8842
6135,4415,3490
6136,4416,1391
6137,4417,624
6138,4418,7911
6139,4418,8061
6140,4418,6411
6141,4419,4722
6142,4420,8097
6143,4420,2140
6144,4421,3259
6145,4422,8032
6146,4422,8746
6147,4423,2316
6148,4423,2802
6149,4424,6028
6150,4424,6821
6151,4424,3530
6152,4425,7485
6153,4426,559
6154,4426,1592
6155,4427,1159
6156,4427,6247
6157,4429,2521
6158,4430,5358
6159,4431,6684
6160,4432,415
6161,4433,3342
6162,4433,2540
6163,4434,2194
6164,4434,3565
6165,4435,1115
6166,4435,1909
6167,4435,7644
6168,4436,5930
6169,4437,3585
6170,4438,1812
6171,4438,7911
6172,4438,2259
6173,4439,6516
6174,4440,8424
6175,4441,1698
6176,4441,7424
6177,4441,8251
6178,4442,413
6179,4443,1422
6180,4444,2763
6181,4445,1959
6182,4446,3192
6183,4446,7284
6184,4446,6058
6185,4447,1328
6186,4448,8166
6187,4448,1703
6188,4448,2271
6189,4449,1711
6190,4451,1599
6191,4451,3442
6192,4451,5597
6193,4452,7818
6194,4453,2966
6195,4454,3592
6196,4455,1432
6197,4455,5893
6198,4455,8026
6199,4456,8278
6200,4456,5543
6201,4457,3463
6202,4457,6624
6203,4458,7298
6204,4458,8698
6205,4459,1899
6206,4460,5411
6207,4461,2611
6208,4461,1916
6209,4462,8111
6210,4462,4969
6211,4463,8542
6212,4463,7867
6213,4464,1795
6214,4464,5393
6215,4465,403
6216,4465,4075
6217,4465,2526
6218,4466,1858
6219,4466,7923
6220,4467,3019
6221,4467,2897
6222,4467,7063
6223,4468,5277
6224,4468,3442
6225,4469,5446
6226,4470,2390
6227,4470,1627
6228,4471,6614
6229,4471,7162
6230,4472,266
6231,4472,5593
6232,4472,4610
6233,4473,4770
6234,4473,22
6235,4474,5634
6236,4475,5632
6237,4476,1861
6238,4476,5969
6239,4476,383
6240,4477,742
6241,4477,5651
6242,4478,6752
6243,4478,2716
6244,4479,3787
6245,4479,2092
6246,4479,1311
6247,4480,193
6248,4480,5022
6249,4481,1736
6250,4481,2749
6251,4482,2888
6252,4483,5792
6253,4484,3142
6254,4486,420
6255,4487,7128
6256,4487,7833
6257,4488,2424
6258,4488,1081
6259,4489,1157
6260,4489,259
6261,4490,7388
6262,4491,495
6263,4492,616
6264,4493,3130
6265,4494,7309
6266,4494,7891
6267,4495,5785
6268,4496,484
6269,4497,5905
6270,4498,6525
6271,4498,2232
6272,4498,3332
6273,4499,177
6274,4500,5907
6275,249,6018
6276,785,7587
6277,4141,1931
6278,1442,4061
6279,204,562
6280,1878,434
6281,2921,6584
6282,190,8915
6283,2268,8263
6284,2197,4563
6285,2002,301
6286,4404,7735
6287,2203,5123
6288,107,7098
6289,1529,88
6290,3131,7611
6291,2017,5945
6292,1616,192
6293,4367,324
6294,2556,4315
6295,1133,6929
6296,818,5512
6297,1946,1150
6298,2045,996
6299,1559,727
6300,4097,5072
6301,3988,7841
6302,4115,3511
6303,4473,456
6304,900,8856
6305,4454,8554
6306,2050,8929
6307,1719,1922
6308,4335,6450
6309,4068,809
6310,1618,2093
6311,2670,6710
6312,4478,4055
6313,3762,4494
6314,2306,2932
6315,3961,5743
6316,2577,3433
6317,2155,2105
6318,4054,2597
6319,1447,5540
6320,361,782
6321,1432,2449
6322,718,2071
6323,499,5289
6324,3938,6250
6325,4447,1587
6326,3377,1442
6327,279,2007
6328,3734,3271
6329,3793,8699
6330,2089,8231
6331,2774,2909
6332,907,8132
6333,546,823
6334,2923,1428
6335,3677,4863
6336,1141,2758
6337,472,5808
6338,3261,7377
6339,416,4635
6340,1499,8153
6341,3281,8735
6342,4499,3699
6343,1082,939
6344,1146,8196
6345,415,3318
6346,251,8631
6347,469,640
6348,2052,4504
6349,1293,2113
6350,1724,2920
6351,4360,8467
6352,2600,3396
6353,2214,1299
6354,571,2241
6355,3586,3559
6356,2149,1590
6357,2737,7233
6358,300,140
6359,3257,1759
6360,192,8678
6361,2850,8523
6362,175,2230
6363,3225,112
6364,1860,2903
6365,2279,4296
6366,3913,184
6367,2991,2836
6368,844,4561
6369,3994,6836
6370,4463,3876
6371,1950,2685
6372,4124,2106
6373,891,1487
6374,4081,5900
6375,3998,4764
6376,331,3350
6377,3500,848
6378,2096,2339
6379,3184,3501
6380,1241,4803
6381,893,3152
6382,4044,8115
6383,2513,7203
6384,1930,6237
6385,3659,1205
6386,567,5725
6387,4291,1609
6388,1001,1974
6389,2942,5573
6390,1824,5493
6391,1937,3904
6392,2200,5097
6393,2422,4584
6394,2442,6863
6395,1345,8822
6396,162,4442
6397,3864,1389
6398,3965,955
6399,1980,4735
6400,2044,770
6401,1903,7290
6402,4191,5783
6403,1988,8875
6404,1417,8188
6405,4105,2738
6406,1058,1974
6407,4454,1518
6408,1885,5364
6409,2468,3705
6410,3874,4440
6411,3315,4672
6412,1805,6764
6413,2231,8677
6414,417,5859
6415,3832,3170
6416,2840,209
6417,2971,1352
6418,779,7625
6419,784,3246
6420,4334,1301
6421,3497,5103
6422,4462,4218
6423,1357,4971
6424,4165,3664
6425,4329,8513
6426,3483,5868
6427,3715,6139
6428,1740,609
6429,1601,3411
6430,1685,7882
6431,692,4742
6432,3642,1034
6433,2612,5078
6434,3468,2460
6435,528,3269
6436,4296,1178
6437,3280,7795
6438,2133,6471
6439,584,4533
6440,2497,8271
6441,2675,3834
6442,3576,8074
6443,1145,8234
6444,398,8342
6445,932,1179
6446,603,4743
6447,4086,1018
6448,1866,5173
6449,2309,5163
6450,2124,1149
6451,4236,8695
6452,3106,3106
6453,1613,3423
6454,2574,8109
6455,2519,7419
6456,1391,1080
6457,2543,7766
6458,3776,844
6459,3606,6527
6460,57,8719
6461,4401,1361
6462,3262,1636
6463,3416,8363
6464,668,4325
6465,4337,3374
6466,612,6215
6467,3076,4734
6468,719,3803
6469,3920,3817
6470,159,5674
6471,1053,2810
6472,1654,3817
6473,2709,2518
6474,45,7385
6475,1456,6322
6476,1516,3618
6477,2211,1696
6478,961,2186
6479,1701,5108
6480,3001,3169
6481,1442,5391
6482,870,1137
6483,3303,3560
6484,4343,8496
6485,246,5721
6486,2672,5292
6487,513,2401
6488,115,3570
6489,1182,7203
6490,4114,7191
6491,1200,3681
6492,1914,4647
6493,729,7587
6494,1689,5332
6495,2156,4492
6496,2986,1069
6497,3839,2972
6498,1451,683
6499,997,1339
6500,3040,5922
6501,3129,1793
6502,2371,5559
6503,3106,7866
6504,4282,2747
6505,3995,5455
6506,4162,6536
6507,185,6497
6508,4152,3342
6509,226,928
6510,4036,3169
6511,4470,7782
6512,1149,2474
6513,1934,8162
6514,2115,943
6515,1460,8779
6516,110,4688
6517,4230,2124
6518,2381,2476
6519,31,728
6520,935,5781
6521,3545,7880
6522,3017,3702
6523,2739,7213
6524,2587,1524
6525,2769,2917
6526,572,5967
6527,2809,4492
6528,2697,4562
6529,3752,31
6530,565,7022
6531,277,6273
6532,1095,8939
6533,3880,8316
6534,4281,6368
6535,3069,5564
6536,3258,7292
6537,644,7349
6538,1657,5101
6539,2003,1199
6540,1412,2686
6541,396,739
6542,3911,3342
6543,2023,7830
6544,4147,1121
6545,2782,588
6546,3248,8040
6547,3458,7587
6548,4425,5666
6549,3663,1533
6550,4326,4849
6551,2123,614
6552,1411,6579
6553,3036,6319
6554,2283,4670
6555,1686,3429
6556,372,7265
6557,1285,6230
6558,3089,3672
6559,163,7440
6560,2116,6575
6561,276,6116
6562,1388,1806
6563,438,2179
6564,889,7533
6565,4164,4941
6566,3797,889
6567,306,8411
6568,4255,8075
6569,3376,7238
6570,1921,8201
6571,1013,7759
6572,3968,8937
6573,806,4786
6574,3121,6922
6575,3123,1679
6576,3424,6733
6577,946,8866
6578,3881,5770
6579,2470,4809
6580,1701,6021
6581,1736,4055
6582,517,3173
6583,3329,6719
6584,1801,8312
6585,797,266
6586,4207,7945
6587,2356,3894
6588,2240,8349
6589,2773,8894
6590,647,5997
6591,1107,1213
6592,4004,6428
6593,142,49
6594,1516,6609
6595,1827,866
6596,420,5223
6597,3089,4604
6598,476,2079
6599,1994,2920
6600,4238,1126
6601,964,4178
6602,3294,7337
6603,3427,4204
6604,3979,6329
6605,2747,5437
6606,1970,8810
6607,1803,1248
6608,1295,2175
6609,2945,4341
6610,4214,4198
6611,3233,5980
6612,1353,3073
6613,601,3844
6614,3453,2993
6615,4269,1614
6616,2346,1204
6617,2911,3900
6618,514,6627
6619,1718,308
6620,4277,1134
6621,3920,6783
6622,584,1543
6623,2637,8499
6624,3510,2825
6625,2832,8302
6626,1653,888
6627,4140,6567
6628,2845,7107
6629,1549,3565
6630,2909,267
6631,2469,1233
6632,2728,4152
6633,3250,3662
6634,3523,1553
6635,4334,273
6636,1206,5272
6637,4477,3006
6638,2666,7954
6639,1312,1228
6640,1387,6799
6641,1668,3026
6642,3594,1391
6643,275,5439
6644,450,4940
6645,1235,4047
6646,2921,6877
6647,2880,7837
6648,3395,2792
6649,2316,690
6650,3473,3397
6651,3440,5162
6652,151,3186
6653,204,161
6654,1456,8641
6655,857,410
6656,3242,2269
6657,1559,3654
6658,4299,3167
6659,4402,3667
6660,4448,6902
6661,3370,1558
6662,3935,4516
6663,2505,2
6664,3441,6036
6665,2907,8874
6666,1657,2168
6667,2205,7731
6668,2859,3176
6669,3763,3947
6670,4432,7416
6671,1278,79
6672,377,3166
6673,3967,4414
6674,499,1863
6675,2158,4721
6676,1810,7061
6677,1261,3623
6678,2623,7016
6679,2232,1591
6680,2147,6166
6681,3052,2953
6682,2174,6618
6683,4462,4462
6684,3080,1363
6685,1636,8244
6686,473,4119
6687,3766,5676
6688,1957,8488
6689,2215,7062
6690,4030,8268
6691,3271,7265
6692,2314,4874
6693,3277,7044
6694,2301,3919
6695,3009,5280
6696,280,186
6697,3987,2387
6698,1930,5848
6699,4281,5030
6700,3374,5880
6701,2767,3281
6702,3551,1771
6703,3802,3127
6704,1861,8562
6705,1314,2060
6706,2353,4401
6707,2390,3162
6708,2833,2851
6709,2861,2532
6710,1014,5642
6711,4361,943
6712,2765,4410
6713,124,2292
6714,678,6921
6715,3763,5670
6716,668,2784
6717,3742,4322
6718,3602,4724
6719,1790,4322
6720,4413,5561
6721,1795,2002
6722,3012,8750
6723,230,8801
6724,500,8783
