"Owner_id","Unit_id"
"1","1304"
"2","6924"
"2","1964"
"2","8374"
"3","3782"
"4","6609"
"4","6784"
"5","6483"
"6","2733"
"7","6946"
"7","7110"
"7","5392"
"8","7899"
"9","7703"
"10","2316"
"10","7247"
"11","1145"
"11","39"
"11","2344"
"12","764"
"12","4807"
"12","552"
"13","7224"
"15","2526"
"16","4429"
"17","5700"
"18","840"
"18","8732"
"18","1265"
"19","140"
"20","769"
"22","7491"
"22","6562"
"23","6153"
"24","7390"
"25","2038"
"26","3711"
"26","6334"
"27","1061"
"28","1093"
"29","466"
"30","6004"
"31","2818"
"32","7731"
"32","5130"
"32","3210"
"33","7835"
"34","168"
"36","3251"
"37","7051"
"37","3078"
"37","3966"
"38","718"
"38","6602"
"38","3026"
"39","5535"
"40","6001"
"41","8096"
"41","2720"
"41","5389"
"44","6518"
"44","2283"
"45","4557"
"45","6108"
"45","3199"
"46","8308"
"47","4401"
"47","4767"
"48","2142"
"49","8432"
"50","2920"
"51","7937"
"52","2261"
"53","8646"
"53","4130"
"54","1368"
"56","1295"
"56","3826"
"56","5129"
"57","1113"
"59","4258"
"59","886"
"60","7778"
"60","7182"
"60","2897"
"61","333"
"61","7542"
"62","7195"
"63","6789"
"65","565"
"67","2778"
"68","2435"
"69","7233"
"69","4911"
"69","6653"
"70","1611"
"70","6278"
"70","2076"
"72","1203"
"73","2033"
"75","7900"
"76","8277"
"77","6932"
"78","4237"
"78","8076"
"78","7111"
"79","8199"
"79","5424"
"79","5479"
"80","2410"
"81","52"
"82","6614"
"82","8388"
"82","1686"
"83","434"
"84","4090"
"86","6258"
"87","3727"
"87","1640"
"87","3061"
"88","2851"
"88","979"
"88","5116"
"89","166"
"89","1281"
"90","6056"
"90","1382"
"92","4740"
"93","5181"
"94","5986"
"94","8921"
"95","8867"
"95","378"
"96","5335"
"97","3758"
"98","1534"
"98","2318"
"99","2883"
"101","2092"
"101","3835"
"102","5088"
"104","3713"
"106","1958"
"107","6728"
"108","7195"
"109","1708"
"109","5629"
"109","7449"
"110","5332"
"110","661"
"110","2170"
"111","1804"
"111","2584"
"111","4109"
"112","6794"
"113","7837"
"114","7191"
"114","8765"
"114","1826"
"115","2080"
"116","8038"
"116","6968"
"117","3271"
"117","715"
"118","5219"
"119","6981"
"121","5871"
"123","8030"
"123","14"
"125","8051"
"125","4049"
"126","1894"
"127","2095"
"127","6479"
"127","169"
"128","6183"
"130","6852"
"131","5227"
"132","5189"
"132","7415"
"132","1701"
"133","4466"
"134","4505"
"134","8217"
"135","4450"
"136","3403"
"136","6157"
"138","6241"
"138","2952"
"138","389"
"139","6403"
"139","4069"
"139","422"
"140","5316"
"141","940"
"141","6241"
"141","1659"
"142","7297"
"142","1131"
"142","6859"
"143","7859"
"143","4639"
"143","7422"
"144","7517"
"145","6024"
"145","2380"
"145","267"
"146","8156"
"146","3192"
"147","6604"
"147","8772"
"148","2170"
"149","5243"
"150","4827"
"152","3846"
"154","4912"
"154","4216"
"154","2802"
"155","7704"
"155","5851"
"156","2119"
"156","6994"
"157","505"
"157","7052"
"157","4416"
"158","8140"
"158","1790"
"158","4708"
"159","6077"
"159","4712"
"159","1537"
"160","7387"
"161","5753"
"162","2909"
"162","215"
"162","8351"
"163","5987"
"166","2060"
"167","4963"
"167","8228"
"170","2726"
"170","2346"
"170","6239"
"171","4676"
"172","3902"
"173","3472"
"174","2909"
"175","3030"
"175","5340"
"175","6267"
"176","8701"
"178","4005"
"178","2620"
"179","3802"
"180","8489"
"180","7594"
"182","4289"
"182","3038"
"182","3556"
"183","4550"
"184","2093"
"184","6934"
"184","110"
"185","1946"
"185","4451"
"185","2288"
"186","6860"
"187","5911"
"188","1972"
"189","7371"
"189","8041"
"190","324"
"191","2472"
"191","2960"
"191","4347"
"192","3749"
"195","6258"
"196","8403"
"197","5555"
"197","7012"
"198","2131"
"199","7594"
"199","8096"
"199","8884"
"200","7357"
"202","1995"
"206","5089"
"206","5232"
"206","6541"
"207","1303"
"208","3129"
"209","4156"
"209","3195"
"209","7488"
"210","6054"
"210","212"
"211","4222"
"211","2458"
"211","4391"
"212","4276"
"213","5785"
"214","1603"
"215","7566"
"215","924"
"215","5126"
"216","991"
"217","988"
"219","3826"
"220","4459"
"221","8094"
"222","2435"
"223","1136"
"224","1662"
"224","3263"
"225","7005"
"225","5704"
"225","7602"
"226","8191"
"227","5539"
"228","6742"
"228","7717"
"229","4768"
"230","2811"
"230","8908"
"230","5335"
"231","642"
"231","2139"
"232","2656"
"232","8444"
"233","7620"
"233","6910"
"236","415"
"237","6180"
"237","8705"
"238","2276"
"238","7404"
"239","403"
"240","2673"
"240","1209"
"241","597"
"242","634"
"243","5890"
"246","3275"
"247","1415"
"247","2518"
"248","4460"
"248","8653"
"248","2666"
"249","2702"
"250","4293"
"251","7650"
"252","5282"
"254","2443"
"254","4259"
"254","5846"
"255","255"
"255","8128"
"256","3074"
"258","4162"
"259","8753"
"259","7988"
"260","3263"
"260","7057"
"260","8148"
"261","6613"
"261","317"
"262","6648"
"264","4966"
"265","2623"
"265","5866"
"265","874"
"267","7551"
"268","1654"
"268","3376"
"268","2716"
"269","4019"
"270","666"
"271","3693"
"271","7881"
"271","31"
"272","8064"
"274","3148"
"274","5242"
"275","7149"
"275","8689"
"276","6498"
"276","6066"
"277","8070"
"279","258"
"280","2064"
"281","3734"
"282","6925"
"283","3364"
"284","5584"
"284","5010"
"285","4421"
"285","5948"
"286","7154"
"287","4597"
"289","6692"
"289","4171"
"290","2253"
"292","1868"
"293","8789"
"297","5740"
"297","3903"
"297","657"
"299","6758"
"300","2792"
"300","7389"
"300","8066"
"301","2776"
"301","1103"
"302","7995"
"302","4687"
"303","8549"
"304","6686"
"304","2783"
"305","2465"
"306","2626"
"307","78"
"309","5196"
"309","8597"
"310","7699"
"311","1439"
"313","4645"
"313","6971"
"313","2956"
"314","3835"
"318","533"
"318","1220"
"319","2534"
"320","4709"
"321","1217"
"322","3543"
"322","7426"
"322","948"
"323","4337"
"324","7872"
"325","6635"
"326","7891"
"326","7117"
"327","5499"
"328","8841"
"329","1680"
"329","6557"
"329","2388"
"332","7636"
"333","7248"
"333","5073"
"333","2410"
"334","8580"
"335","7233"
"337","3149"
"338","6004"
"338","4998"
"338","193"
"339","3898"
"339","2977"
"340","4505"
"340","265"
"340","6889"
"341","5266"
"343","5672"
"343","8841"
"343","4628"
"344","6157"
"344","6710"
"345","6599"
"345","5284"
"346","4787"
"347","1681"
"348","703"
"350","5447"
"350","6504"
"350","548"
"351","5497"
"352","4682"
"353","7716"
"353","8726"
"354","3718"
"355","4404"
"355","1459"
"357","5547"
"358","7131"
"358","7982"
"359","6844"
"360","7765"
"361","3603"
"362","5649"
"363","5135"
"363","4358"
"363","4305"
"364","770"
"364","3145"
"365","813"
"366","5054"
"367","906"
"368","3721"
"369","952"
"370","3144"
"371","2371"
"371","2955"
"374","5486"
"375","2351"
"375","2682"
"375","1263"
"376","2765"
"377","951"
"377","1197"
"379","1320"
"379","6076"
"379","5973"
"380","7081"
"380","6853"
"380","1207"
"381","944"
"383","8006"
"384","662"
"385","2658"
"386","1925"
"386","612"
"387","4361"
"389","2654"
"389","8885"
"389","5446"
"391","1586"
"393","8860"
"395","3461"
"396","8994"
"396","5312"
"398","1543"
"399","4294"
"399","2829"
"399","5295"
"400","2572"
"400","1639"
"402","4307"
"402","2895"
"403","55"
"403","7117"
"404","5700"
"406","8021"
"406","6676"
"407","8410"
"407","7872"
"407","970"
"408","3962"
"408","6705"
"408","6307"
"410","2678"
"411","4570"
"411","4309"
"412","912"
"412","8737"
"413","8500"
"413","8280"
"413","7757"
"414","7691"
"415","3047"
"415","7258"
"416","4718"
"416","2461"
"417","4662"
"419","1339"
"419","3660"
"420","4902"
"420","3312"
"420","179"
"422","7824"
"423","1964"
"425","8752"
"425","7174"
"426","38"
"426","994"
"426","2031"
"428","914"
"428","3024"
"429","3063"
"429","5481"
"429","1823"
"430","585"
"431","6212"
"432","8858"
"433","1063"
"433","8151"
"433","8445"
"434","5858"
"435","5580"
"435","3711"
"435","7179"
"436","324"
"436","4933"
"437","1406"
"438","2736"
"443","613"
"444","1273"
"444","4014"
"445","5005"
"445","6090"
"445","581"
"447","6393"
"447","3512"
"449","2463"
"449","8689"
"449","3007"
"450","7004"
"452","3844"
"452","4407"
"453","103"
"453","4321"
"453","665"
"454","5583"
"454","4844"
"454","1652"
"455","676"
"455","2457"
"456","7560"
"456","3544"
"456","6420"
"457","2199"
"457","6355"
"457","7883"
"458","8889"
"459","3431"
"459","8027"
"459","8281"
"462","2795"
"464","5205"
"464","104"
"464","3445"
"465","89"
"466","5811"
"467","8630"
"468","3512"
"469","2423"
"471","7266"
"471","5782"
"471","1147"
"472","6202"
"472","4596"
"472","2046"
"473","171"
"473","2482"
"473","1434"
"475","2565"
"476","3748"
"477","5045"
"477","6389"
"478","5422"
"480","1520"
"481","4717"
"482","8596"
"482","7827"
"483","5690"
"483","7701"
"484","1331"
"485","8357"
"485","1685"
"486","1712"
"487","8411"
"487","5670"
"487","7477"
"488","7367"
"489","6831"
"489","2966"
"491","7701"
"491","5234"
"491","8321"
"492","4882"
"492","8110"
"493","1253"
"493","2661"
"495","8060"
"495","8005"
"495","8455"
"496","2368"
"498","6217"
"498","3541"
"498","6361"
"500","4988"
"500","3716"
"501","7464"
"501","6486"
"501","8858"
"504","3001"
"504","6128"
"504","8371"
"507","5009"
"507","5679"
"508","1331"
"508","512"
"508","3523"
"509","7432"
"510","467"
"511","5572"
"511","7154"
"511","7492"
"512","6458"
"513","1345"
"514","8544"
"515","1621"
"515","5636"
"515","1272"
"517","6337"
"517","5611"
"517","8733"
"518","4333"
"518","5773"
"518","6292"
"519","3097"
"521","1815"
"522","1087"
"522","4706"
"522","5556"
"523","8916"
"523","6533"
"523","4994"
"524","4062"
"525","3659"
"525","2337"
"525","2803"
"526","234"
"527","4324"
"527","1503"
"528","61"
"529","7811"
"529","975"
"531","2911"
"533","8708"
"535","6198"
"536","4378"
"537","3716"
"537","3895"
"539","6075"
"540","2518"
"542","7751"
"542","1510"
"543","6588"
"543","6145"
"543","4096"
"544","4610"
"545","6757"
"546","8771"
"547","8487"
"547","1641"
"548","2183"
"549","214"
"549","4870"
"550","1257"
"550","879"
"550","2551"
"551","1319"
"552","5016"
"552","1292"
"552","5563"
"554","8385"
"554","7560"
"555","2258"
"555","1117"
"555","2599"
"556","7385"
"556","877"
"557","6326"
"558","8029"
"559","5997"
"559","3423"
"559","8332"
"560","2291"
"560","444"
"560","6172"
"561","59"
"562","2995"
"564","3925"
"564","7397"
"565","1131"
"567","649"
"567","7431"
"568","905"
"568","7096"
"568","7637"
"569","7848"
"569","924"
"571","7478"
"573","8065"
"575","3957"
"575","338"
"576","1778"
"577","4977"
"578","452"
"579","8534"
"579","2514"
"580","1903"
"580","3645"
"581","3508"
"582","6521"
"583","3780"
"585","1129"
"585","3909"
"586","4013"
"586","3231"
"586","4660"
"587","7834"
"589","8320"
"589","422"
"589","8160"
"590","4412"
"590","8611"
"591","4375"
"593","2220"
"593","3730"
"593","2579"
"594","1318"
"594","8320"
"594","1960"
"595","1784"
"597","8906"
"598","6753"
"598","8682"
"600","1462"
"603","199"
"604","3438"
"604","1698"
"605","4181"
"605","2786"
"605","6266"
"606","8493"
"606","6113"
"607","7555"
"608","6812"
"608","4262"
"608","5084"
"609","317"
"611","7508"
"611","7684"
"611","2911"
"612","7760"
"615","7611"
"615","5000"
"615","7511"
"616","5544"
"616","5460"
"616","7585"
"618","3873"
"618","7243"
"620","2714"
"621","6315"
"621","6405"
"622","6736"
"623","2091"
"624","8563"
"625","6899"
"625","4424"
"626","8410"
"627","2946"
"628","4127"
"629","1714"
"629","510"
"630","4648"
"630","2369"
"631","572"
"632","3504"
"632","2816"
"632","7863"
"633","8302"
"633","7560"
"634","7617"
"634","979"
"634","7909"
"635","2352"
"635","5620"
"635","4945"
"636","5571"
"636","5013"
"636","3227"
"637","5676"
"638","2426"
"639","897"
"640","3815"
"641","6072"
"641","8528"
"641","6778"
"644","7070"
"645","7617"
"646","930"
"647","7906"
"647","1266"
"647","8586"
"648","1058"
"648","3823"
"649","4407"
"649","3746"
"651","4464"
"651","2355"
"651","778"
"652","8630"
"652","1229"
"652","5188"
"653","8048"
"655","2363"
"656","7263"
"657","4970"
"657","3263"
"657","7328"
"659","5184"
"659","5780"
"660","4682"
"661","2796"
"662","35"
"663","1286"
"663","784"
"663","301"
"664","5636"
"664","6359"
"664","8190"
"665","1304"
"667","6385"
"668","6076"
"669","6507"
"670","783"
"670","648"
"672","8437"
"673","6836"
"674","7084"
"674","4522"
"674","5265"
"675","118"
"676","541"
"676","7475"
"677","6766"
"679","5571"
"679","6553"
"679","7414"
"680","1572"
"680","4068"
"680","7080"
"681","3265"
"681","1844"
"681","4461"
"682","8718"
"682","3826"
"683","918"
"683","1610"
"683","5144"
"684","4264"
"685","2189"
"686","8694"
"688","1490"
"688","8725"
"688","977"
"689","4448"
"689","1148"
"689","5493"
"690","8801"
"691","1789"
"691","198"
"691","2666"
"694","2264"
"694","2106"
"695","1639"
"695","8677"
"695","3823"
"696","1636"
"696","2844"
"696","975"
"698","1"
"699","8882"
"700","6977"
"700","5208"
"700","3131"
"701","6731"
"702","3717"
"703","3125"
"703","1621"
"703","2554"
"704","1442"
"706","8207"
"707","8950"
"707","8542"
"707","3516"
"708","1852"
"709","7123"
"710","3425"
"711","314"
"712","3786"
"712","3483"
"712","1850"
"713","8645"
"714","5423"
"715","1626"
"715","5293"
"717","7245"
"717","1753"
"717","3699"
"718","678"
"718","8499"
"719","8489"
"719","6707"
"719","2792"
"721","7751"
"722","155"
"723","3469"
"724","6699"
"726","3456"
"726","2100"
"727","2273"
"727","8943"
"728","6714"
"728","6871"
"729","8871"
"731","5231"
"731","4142"
"731","7667"
"732","7039"
"733","2216"
"733","4678"
"734","6529"
"735","8279"
"735","304"
"736","3012"
"739","1897"
"739","6298"
"740","4479"
"740","1449"
"742","5364"
"742","8540"
"743","4114"
"743","3445"
"743","3506"
"744","3930"
"744","8940"
"745","3024"
"746","554"
"747","58"
"749","7382"
"750","7866"
"750","4316"
"750","2011"
"751","8711"
"752","8733"
"753","8207"
"755","4072"
"755","6889"
"756","5688"
"759","3249"
"760","8465"
"760","6817"
"760","7392"
"761","6180"
"761","5715"
"763","4185"
"763","4118"
"763","8892"
"764","5844"
"765","2277"
"767","2312"
"767","414"
"768","7289"
"769","2273"
"769","6172"
"770","1470"
"770","8006"
"771","6806"
"771","4698"
"771","229"
"772","5136"
"772","8898"
"772","108"
"773","7335"
"774","1392"
"774","5771"
"775","5202"
"775","7803"
"776","6014"
"776","4394"
"776","1936"
"778","7550"
"778","4884"
"778","870"
"779","317"
"779","1864"
"780","3802"
"780","6752"
"780","3746"
"781","2240"
"782","4010"
"783","2611"
"784","5348"
"786","7533"
"787","6820"
"788","6430"
"788","4760"
"789","7842"
"790","5386"
"791","4581"
"791","6002"
"791","3877"
"794","1177"
"794","3624"
"794","6708"
"795","3785"
"797","7486"
"797","4239"
"798","8126"
"798","17"
"799","6522"
"799","3220"
"800","6274"
"800","6549"
"801","4619"
"801","6619"
"801","5720"
"803","2694"
"803","2667"
"803","3013"
"805","7625"
"806","8743"
"807","6277"
"808","8504"
"809","3651"
"809","5829"
"809","8915"
"810","1601"
"812","7489"
"812","2332"
"812","2748"
"813","4605"
"814","5510"
"814","1325"
"814","7361"
"817","7554"
"817","4227"
"817","3872"
"818","4099"
"818","4445"
"819","908"
"820","6646"
"820","6112"
"820","1473"
"821","7452"
"821","5548"
"822","465"
"822","8939"
"826","6564"
"827","6063"
"828","585"
"828","663"
"828","6998"
"829","7201"
"831","29"
"832","5034"
"833","1286"
"835","556"
"835","3094"
"836","4775"
"837","1266"
"838","8071"
"838","2031"
"839","5700"
"839","6038"
"840","7478"
"840","6375"
"840","2"
"841","8669"
"842","2530"
"842","6354"
"843","3066"
"846","2315"
"847","5338"
"848","5015"
"848","1102"
"848","2564"
"849","331"
"850","7592"
"851","4108"
"852","141"
"852","3280"
"853","7196"
"853","6788"
"854","5112"
"855","4085"
"856","2466"
"857","467"
"857","364"
"857","2931"
"858","1918"
"858","4959"
"859","7012"
"859","5544"
"860","5316"
"860","8739"
"861","1870"
"861","1994"
"861","457"
"862","8031"
"864","2580"
"864","5044"
"864","4354"
"865","6644"
"866","8554"
"869","917"
"869","6624"
"870","7065"
"871","1552"
"871","1669"
"873","8628"
"873","7760"
"875","6219"
"877","2202"
"877","1834"
"878","1562"
"878","8077"
"878","6393"
"879","8046"
"879","8205"
"882","3652"
"884","4582"
"885","4843"
"886","1981"
"887","2808"
"887","2571"
"888","8846"
"888","1502"
"888","6727"
"889","7059"
"891","4860"
"892","7883"
"893","974"
"893","5041"
"894","5796"
"896","6276"
"896","4802"
"896","2241"
"897","2459"
"898","5285"
"898","4040"
"899","8351"
"900","8182"
"900","6128"
"900","8588"
"901","3198"
"902","1312"
"903","2843"
"904","1235"
"905","796"
"905","4879"
"907","8611"
"907","4378"
"907","8752"
"908","8210"
"909","465"
"910","1653"
"910","7304"
"911","661"
"911","5233"
"912","3152"
"913","133"
"914","2700"
"914","3035"
"914","1757"
"915","4665"
"916","2965"
"917","6501"
"917","5471"
"917","4403"
"918","5016"
"919","262"
"920","6590"
"921","634"
"921","6791"
"922","5086"
"923","5286"
"923","1640"
"924","6953"
"925","3370"
"925","8921"
"926","6809"
"927","6492"
"927","7185"
"927","1124"
"928","6328"
"929","5969"
"930","2775"
"930","3735"
"933","2884"
"934","5411"
"936","760"
"937","2863"
"937","7472"
"938","6110"
"939","8646"
"939","2663"
"941","7463"
"942","1524"
"942","1473"
"942","4075"
"943","2970"
"944","3724"
"944","1234"
"945","6816"
"946","976"
"947","2747"
"947","8502"
"947","6839"
"949","4248"
"950","7626"
"950","2083"
"950","2607"
"951","7466"
"952","8186"
"952","2579"
"953","3565"
"953","4739"
"954","2903"
"954","7902"
"954","7968"
"955","5033"
"955","347"
"956","7044"
"957","6034"
"957","6026"
"957","7516"
"959","6507"
"960","8441"
"961","3582"
"963","7361"
"963","5779"
"963","7321"
"964","105"
"964","6787"
"964","3359"
"966","7904"
"966","8644"
"967","5439"
"968","3268"
"968","2690"
"969","2285"
"970","1059"
"970","3623"
"970","8451"
"971","4873"
"971","1563"
"973","5897"
"973","6439"
"975","718"
"975","5606"
"975","1992"
"977","1225"
"978","1943"
"979","6355"
"980","7095"
"980","1178"
"981","8166"
"982","4438"
"983","6719"
"984","121"
"985","6564"
"986","5852"
"987","5425"
"987","4329"
"988","2205"
"989","513"
"990","234"
"991","6718"
"991","1000"
"991","792"
"992","6479"
"993","1636"
"994","1640"
"995","3410"
"997","684"
"997","1490"
"997","6817"
"998","8222"
"998","8886"
"998","1425"
"999","7049"
"1000","5173"
"1000","2381"
"1001","3761"
"1002","6622"
"1002","2563"
"1003","423"
"1003","2283"
"1004","7208"
"1004","1673"
"1004","1318"
"1005","8852"
"1005","7866"
"1006","6644"
"1008","3697"
"1009","8965"
"1010","4752"
"1010","6658"
"1011","2048"
"1012","2727"
"1012","7271"
"1014","146"
"1016","8512"
"1016","876"
"1018","8990"
"1020","6464"
"1020","7882"
"1023","7954"
"1023","2031"
"1026","778"
"1026","6003"
"1027","3270"
"1028","2654"
"1028","8734"
"1028","5922"
"1029","4765"
"1029","1591"
"1029","3038"
"1030","7506"
"1032","5730"
"1032","7451"
"1032","8815"
"1033","3188"
"1033","4189"
"1034","5964"
"1034","5766"
"1035","4719"
"1036","4588"
"1038","1890"
"1039","8146"
"1040","4119"
"1040","3182"
"1040","8269"
"1041","3931"
"1041","8712"
"1041","6770"
"1042","6399"
"1043","2090"
"1044","8802"
"1045","889"
"1045","3121"
"1046","5258"
"1046","4345"
"1046","3052"
"1047","2469"
"1048","1498"
"1049","2157"
"1049","1143"
"1050","3304"
"1050","6208"
"1050","171"
"1051","8769"
"1051","7670"
"1051","8321"
"1052","6596"
"1053","3233"
"1053","3530"
"1053","5049"
"1054","5392"
"1054","662"
"1054","970"
"1056","8378"
"1057","5601"
"1059","6051"
"1060","3918"
"1060","6781"
"1060","4290"
"1061","7574"
"1063","2025"
"1065","5294"
"1065","8809"
"1065","2629"
"1067","697"
"1068","2176"
"1068","243"
"1070","5578"
"1071","3705"
"1071","2618"
"1072","1933"
"1072","2696"
"1072","5262"
"1073","2513"
"1073","8479"
"1074","584"
"1074","5129"
"1075","6790"
"1075","959"
"1075","4073"
"1076","1138"
"1077","161"
"1077","4391"
"1078","1706"
"1079","4221"
"1079","4457"
"1080","5780"
"1080","1468"
"1080","6741"
"1081","544"
"1082","6108"
"1083","2982"
"1083","8913"
"1084","5048"
"1086","1235"
"1086","1101"
"1087","8923"
"1087","8291"
"1088","8133"
"1089","7778"
"1090","5436"
"1092","4383"
"1092","6228"
"1093","8707"
"1094","5456"
"1094","7748"
"1095","3933"
"1095","4121"
"1095","6465"
"1096","5167"
"1097","8444"
"1098","1527"
"1098","1020"
"1099","3348"
"1100","5925"
"1103","589"
"1104","5362"
"1105","6164"
"1105","1746"
"1105","5324"
"1107","7004"
"1107","658"
"1108","7091"
"1109","4541"
"1110","5298"
"1112","2367"
"1112","4729"
"1113","7223"
"1113","2820"
"1114","1179"
"1115","6456"
"1117","5894"
"1117","5140"
"1118","5667"
"1119","527"
"1120","4423"
"1120","8438"
"1122","6732"
"1123","5277"
"1123","4501"
"1124","3544"
"1124","8223"
"1125","6963"
"1125","7172"
"1125","8352"
"1126","2757"
"1127","8457"
"1128","540"
"1129","3866"
"1129","5321"
"1129","3129"
"1130","3184"
"1130","5270"
"1131","6756"
"1132","2992"
"1132","7448"
"1133","6380"
"1133","5346"
"1133","5499"
"1134","7011"
"1135","7868"
"1136","736"
"1137","8635"
"1137","5595"
"1137","1780"
"1138","7946"
"1139","7259"
"1140","8360"
"1141","7642"
"1141","2025"
"1142","6786"
"1143","3568"
"1144","4552"
"1145","4221"
"1145","274"
"1146","6149"
"1146","1296"
"1146","3070"
"1148","4365"
"1149","6032"
"1149","7420"
"1150","6884"
"1151","1215"
"1151","2860"
"1153","1359"
"1153","5779"
"1154","220"
"1156","7580"
"1157","2576"
"1158","3501"
"1158","1390"
"1158","8910"
"1159","8562"
"1159","4584"
"1160","2494"
"1161","3406"
"1164","5408"
"1165","7488"
"1165","4976"
"1165","4620"
"1166","4079"
"1166","7931"
"1166","2009"
"1167","1057"
"1168","7288"
"1168","2581"
"1169","1213"
"1169","8680"
"1170","5769"
"1171","3454"
"1174","3420"
"1175","7584"
"1175","8742"
"1177","3442"
"1177","7514"
"1177","1733"
"1178","8700"
"1180","4929"
"1180","738"
"1180","5545"
"1181","2368"
"1181","1557"
"1182","8709"
"1182","2861"
"1182","7148"
"1184","2341"
"1185","2260"
"1185","4225"
"1186","7230"
"1186","5544"
"1186","5217"
"1187","4442"
"1188","5545"
"1188","1575"
"1188","3873"
"1189","6553"
"1189","5236"
"1190","1746"
"1191","317"
"1191","579"
"1191","5283"
"1192","7866"
"1192","8621"
"1193","7178"
"1194","1289"
"1196","252"
"1198","819"
"1199","4076"
"1200","6878"
"1200","7752"
"1200","4311"
"1201","499"
"1201","337"
"1203","8214"
"1203","713"
"1203","1579"
"1204","5217"
"1204","27"
"1205","5083"
"1205","6503"
"1206","316"
"1206","7801"
"1206","4229"
"1207","8355"
"1207","2655"
"1207","6712"
"1208","8515"
"1208","2772"
"1211","3518"
"1211","8618"
"1211","2609"
"1212","7003"
"1213","6340"
"1213","6140"
"1214","8628"
"1214","57"
"1214","5999"
"1215","5548"
"1215","4282"
"1215","6936"
"1216","6975"
"1217","2077"
"1218","314"
"1218","4498"
"1218","7859"
"1219","3855"
"1220","2727"
"1220","4441"
"1220","3045"
"1221","7836"
"1222","8041"
"1222","8460"
"1223","5615"
"1224","5551"
"1225","7477"
"1225","6682"
"1225","4061"
"1226","7145"
"1226","4458"
"1226","3071"
"1227","2300"
"1229","8792"
"1229","1662"
"1229","588"
"1230","4846"
"1231","3248"
"1232","1564"
"1232","3218"
"1234","4414"
"1234","4098"
"1234","870"
"1235","7134"
"1237","3404"
"1237","6305"
"1238","7864"
"1239","3570"
"1239","7275"
"1240","7831"
"1242","292"
"1243","313"
"1244","971"
"1245","2624"
"1245","7772"
"1246","6209"
"1246","967"
"1249","8933"
"1249","7663"
"1250","6394"
"1250","5812"
"1252","4373"
"1254","3103"
"1254","5098"
"1254","2054"
"1255","1107"
"1256","7709"
"1258","8400"
"1259","2430"
"1260","1408"
"1260","7313"
"1260","2238"
"1262","402"
"1263","488"
"1264","3712"
"1264","3963"
"1264","265"
"1265","5348"
"1266","8907"
"1267","3266"
"1267","5383"
"1268","7597"
"1269","220"
"1270","4946"
"1270","4276"
"1273","6383"
"1273","4307"
"1274","562"
"1274","5118"
"1274","8575"
"1275","7326"
"1275","5577"
"1275","7139"
"1276","8628"
"1276","1214"
"1276","1169"
"1278","7008"
"1278","2862"
"1278","2315"
"1279","3556"
"1279","3463"
"1280","3684"
"1280","4173"
"1281","3707"
"1281","7507"
"1284","5250"
"1286","2655"
"1286","4110"
"1286","6632"
"1287","1432"
"1288","7850"
"1289","3531"
"1289","6355"
"1289","848"
"1290","4368"
"1290","5140"
"1291","809"
"1291","2288"
"1292","6276"
"1292","2662"
"1294","3096"
"1294","2563"
"1295","6652"
"1296","4326"
"1298","7817"
"1299","1725"
"1300","7378"
"1300","7066"
"1301","2427"
"1301","3724"
"1301","3245"
"1303","8014"
"1303","2209"
"1304","1118"
"1304","4338"
"1306","7565"
"1306","2448"
"1307","6999"
"1308","4155"
"1308","39"
"1308","4453"
"1309","4964"
"1309","5587"
"1309","6101"
"1311","7537"
"1311","5480"
"1312","57"
"1313","5097"
"1314","2218"
"1315","5915"
"1315","4839"
"1315","2827"
"1316","6770"
"1316","5645"
"1316","3901"
"1317","3549"
"1317","1254"
"1317","2583"
"1318","5667"
"1318","4184"
"1319","5417"
"1319","6419"
"1321","6226"
"1321","3160"
"1322","8853"
"1322","187"
"1322","5487"
"1323","7879"
"1323","1524"
"1323","998"
"1324","1658"
"1325","8726"
"1325","3149"
"1325","6770"
"1326","6975"
"1327","869"
"1327","2466"
"1327","8320"
"1329","4386"
"1330","8749"
"1331","3443"
"1332","5762"
"1332","8162"
"1332","6635"
"1333","3458"
"1333","7551"
"1333","4445"
"1334","5274"
"1334","6656"
"1334","1005"
"1335","7330"
"1336","7710"
"1337","3013"
"1337","702"
"1338","6586"
"1338","3548"
"1338","4143"
"1339","4174"
"1339","2799"
"1340","2517"
"1340","595"
"1343","3624"
"1344","1346"
"1344","432"
"1347","5408"
"1348","2569"
"1348","8646"
"1349","7934"
"1349","7230"
"1351","4930"
"1352","1829"
"1352","2338"
"1352","8266"
"1353","5245"
"1353","7085"
"1354","3569"
"1354","8605"
"1355","3079"
"1356","1277"
"1357","7281"
"1358","2863"
"1358","2650"
"1359","3598"
"1359","87"
"1360","3850"
"1361","172"
"1362","3544"
"1362","7964"
"1363","5606"
"1364","3761"
"1364","6104"
"1364","2963"
"1365","245"
"1366","2526"
"1366","4303"
"1367","1830"
"1368","533"
"1369","8953"
"1369","2430"
"1370","6116"
"1371","4723"
"1372","6660"
"1372","2050"
"1372","3968"
"1373","3602"
"1374","810"
"1374","8520"
"1374","5776"
"1375","5296"
"1376","1541"
"1376","4838"
"1379","6225"
"1379","4802"
"1379","7785"
"1380","3786"
"1381","1699"
"1382","1851"
"1382","3560"
"1383","7453"
"1383","3309"
"1384","6053"
"1386","5141"
"1387","8954"
"1388","4154"
"1388","6639"
"1389","7070"
"1390","8113"
"1390","3451"
"1391","7337"
"1391","6226"
"1391","2906"
"1392","655"
"1393","589"
"1393","7146"
"1395","7389"
"1396","5058"
"1396","2593"
"1396","7468"
"1397","3036"
"1397","11"
"1398","2788"
"1398","3357"
"1398","7592"
"1399","3730"
"1400","7082"
"1401","7464"
"1401","5650"
"1402","4679"
"1403","6608"
"1404","4757"
"1405","1860"
"1407","7127"
"1407","72"
"1409","2126"
"1409","6519"
"1409","28"
"1411","3828"
"1412","783"
"1413","766"
"1413","2087"
"1415","4173"
"1415","7228"
"1415","2891"
"1416","1301"
"1418","6992"
"1418","2464"
"1419","1751"
"1419","6841"
"1421","1068"
"1421","8388"
"1421","2326"
"1423","4642"
"1424","1679"
"1424","6876"
"1425","2500"
"1427","5075"
"1427","874"
"1428","745"
"1429","139"
"1430","8628"
"1431","7537"
"1432","4286"
"1432","8541"
"1433","6441"
"1435","8064"
"1436","5020"
"1438","8902"
"1439","2491"
"1439","3305"
"1439","704"
"1440","8461"
"1441","2565"
"1441","2550"
"1441","8093"
"1442","2770"
"1444","8476"
"1445","4973"
"1445","3607"
"1447","5291"
"1447","5303"
"1448","2891"
"1448","1716"
"1448","2525"
"1449","1889"
"1450","6887"
"1451","4450"
"1451","8688"
"1452","1471"
"1453","8207"
"1453","4324"
"1454","3709"
"1455","1425"
"1455","7575"
"1456","4172"
"1456","7728"
"1458","679"
"1459","6341"
"1460","1671"
"1460","7401"
"1461","5163"
"1462","1308"
"1466","2266"
"1467","3336"
"1468","7491"
"1468","5779"
"1469","7652"
"1470","5471"
"1470","1780"
"1470","6644"
"1471","5726"
"1472","3671"
"1472","1205"
"1472","1236"
"1473","5069"
"1473","8038"
"1476","7140"
"1477","5583"
"1478","3443"
"1480","520"
"1480","1927"
"1480","4193"
"1481","7556"
"1481","3183"
"1482","7561"
"1482","8638"
"1483","1241"
"1483","5360"
"1483","5810"
"1484","1263"
"1484","6217"
"1487","1858"
"1487","4588"
"1488","5430"
"1488","6345"
"1489","7509"
"1491","1176"
"1491","1210"
"1492","249"
"1492","6104"
"1493","5886"
"1493","1375"
"1494","184"
"1494","6984"
"1494","6507"
"1495","8445"
"1496","876"
"1496","2796"
"1496","5373"
"1498","7005"
"1498","3100"
"1498","1743"
"1499","5982"
"1499","5223"
"1500","2725"
"1501","3026"
"1501","8098"
"1501","2181"
"1502","6304"
"1503","3043"
"1503","3611"
"1504","60"
"1504","5229"
"1504","2312"
"1505","2279"
"1506","6716"
"1506","3721"
"1506","1007"
"1507","7806"
"1508","6694"
"1508","1930"
"1508","5403"
"1511","2592"
"1513","5938"
"1513","8773"
"1515","6669"
"1515","6141"
"1516","2340"
"1517","3656"
"1519","3409"
"1519","591"
"1519","5154"
"1520","4449"
"1520","344"
"1520","8269"
"1521","308"
"1522","1513"
"1523","3265"
"1523","5122"
"1524","7603"
"1524","6987"
"1524","4409"
"1525","4645"
"1526","5376"
"1526","2250"
"1526","6087"
"1527","1970"
"1527","4562"
"1527","5048"
"1528","8886"
"1530","3889"
"1530","8079"
"1530","5749"
"1531","5863"
"1531","3575"
"1531","14"
"1532","5566"
"1532","310"
"1533","5275"
"1534","5238"
"1534","5970"
"1534","1707"
"1536","8578"
"1537","8689"
"1537","3686"
"1537","8153"
"1538","7439"
"1539","7906"
"1540","3016"
"1541","2672"
"1542","4336"
"1543","7313"
"1544","1933"
"1544","7864"
"1544","5306"
"1545","343"
"1546","7117"
"1548","3488"
"1551","1449"
"1552","1"
"1552","811"
"1552","757"
"1553","4845"
"1553","3338"
"1554","797"
"1555","8673"
"1555","5498"
"1556","374"
"1559","3857"
"1560","8819"
"1561","1640"
"1561","8249"
"1561","4819"
"1562","3191"
"1563","3705"
"1566","5218"
"1566","2151"
"1566","6111"
"1568","3390"
"1568","6774"
"1568","6805"
"1569","5630"
"1570","3492"
"1570","3081"
"1571","4528"
"1571","5278"
"1572","2219"
"1572","1987"
"1572","8637"
"1573","8460"
"1573","6358"
"1574","7613"
"1575","3245"
"1575","4396"
"1575","4699"
"1577","3748"
"1577","8981"
"1577","3464"
"1578","2188"
"1579","3363"
"1582","1569"
"1582","2357"
"1583","8850"
"1584","1937"
"1584","3477"
"1584","4939"
"1585","8387"
"1585","8798"
"1586","5618"
"1586","6091"
"1586","7155"
"1587","327"
"1587","5119"
"1587","7486"
"1588","2144"
"1588","8416"
"1588","1701"
"1589","5196"
"1590","51"
"1592","1618"
"1592","574"
"1592","8625"
"1593","5799"
"1594","3463"
"1595","4291"
"1597","8964"
"1598","6062"
"1598","489"
"1598","7783"
"1599","7100"
"1599","4541"
"1602","256"
"1602","5423"
"1604","1508"
"1604","1103"
"1605","1801"
"1606","4201"
"1606","7612"
"1606","6580"
"1608","6401"
"1608","1298"
"1608","4506"
"1609","3183"
"1612","7310"
"1612","6964"
"1613","6349"
"1614","7579"
"1614","3672"
"1614","2498"
"1615","2276"
"1616","3138"
"1616","963"
"1616","1088"
"1617","3151"
"1618","7529"
"1618","812"
"1618","4441"
"1619","7268"
"1620","5507"
"1621","6172"
"1623","1746"
"1623","1545"
"1624","6997"
"1625","1787"
"1628","134"
"1628","2278"
"1628","7753"
"1629","4665"
"1630","268"
"1630","8685"
"1631","1711"
"1631","1920"
"1631","1418"
"1632","2864"
"1632","2247"
"1633","8227"
"1635","1545"
"1638","717"
"1639","3933"
"1641","251"
"1642","4455"
"1642","8058"
"1642","3251"
"1643","1647"
"1644","6279"
"1644","4741"
"1645","1996"
"1646","4842"
"1646","5112"
"1647","3050"
"1647","1998"
"1647","2650"
"1648","8553"
"1648","5716"
"1649","1641"
"1650","1599"
"1651","7893"
"1652","4686"
"1653","3463"
"1654","540"
"1654","27"
"1655","8050"
"1656","2907"
"1657","5391"
"1657","6089"
"1658","7643"
"1659","4965"
"1661","4421"
"1662","142"
"1662","4098"
"1662","1814"
"1663","2921"
"1663","2098"
"1663","2846"
"1665","479"
"1666","60"
"1666","3985"
"1667","7141"
"1667","2642"
"1667","1566"
"1669","1625"
"1670","448"
"1670","634"
"1670","366"
"1672","1074"
"1673","131"
"1673","5657"
"1673","3612"
"1674","2221"
"1674","533"
"1675","6171"
"1676","1949"
"1676","2078"
"1677","503"
"1678","3926"
"1679","363"
"1681","3016"
"1682","62"
"1682","8563"
"1682","6328"
"1683","8871"
"1683","4999"
"1684","8163"
"1685","5998"
"1686","6257"
"1688","3363"
"1689","5279"
"1690","3641"
"1691","4066"
"1691","8780"
"1691","7542"
"1692","2501"
"1694","3158"
"1695","7434"
"1695","4306"
"1696","6901"
"1696","5870"
"1696","8950"
"1697","4129"
"1697","5366"
"1698","4381"
"1698","6746"
"1699","6124"
"1700","7934"
"1700","6753"
"1703","815"
"1703","4826"
"1703","7524"
"1704","8673"
"1704","3452"
"1704","19"
"1705","4879"
"1706","8907"
"1706","4057"
"1708","1479"
"1708","1231"
"1708","3038"
"1710","1992"
"1710","4475"
"1710","3162"
"1711","8146"
"1711","3020"
"1712","1482"
"1712","6657"
"1712","3656"
"1713","3637"
"1717","1285"
"1718","264"
"1718","7399"
"1718","8934"
"1720","5141"
"1721","8281"
"1722","6243"
"1722","140"
"1723","4573"
"1723","7505"
"1723","2283"
"1724","3700"
"1725","3618"
"1726","4039"
"1727","2680"
"1727","6442"
"1727","5868"
"1728","7026"
"1729","2603"
"1730","3653"
"1730","3148"
"1731","7342"
"1731","5608"
"1731","2461"
"1732","8158"
"1733","6652"
"1733","6409"
"1735","3135"
"1737","6825"
"1738","762"
"1738","1461"
"1739","297"
"1740","4993"
"1740","1411"
"1741","1324"
"1742","5488"
"1742","2321"
"1743","7662"
"1744","4752"
"1744","931"
"1744","8927"
"1747","2527"
"1747","968"
"1748","6368"
"1748","452"
"1748","6056"
"1749","6805"
"1749","8526"
"1750","7439"
"1750","8688"
"1750","2374"
"1751","2173"
"1752","1198"
"1753","6086"
"1753","2488"
"1753","3979"
"1754","8559"
"1754","2383"
"1755","8924"
"1756","8883"
"1757","767"
"1758","6648"
"1759","5483"
"1759","3437"
"1759","7800"
"1760","1152"
"1760","273"
"1760","4996"
"1761","5203"
"1761","8232"
"1762","3524"
"1763","8359"
"1764","569"
"1765","5618"
"1766","209"
"1767","5188"
"1767","7614"
"1767","4689"
"1768","5182"
"1768","5161"
"1768","3859"
"1769","468"
"1772","1236"
"1773","4520"
"1773","4889"
"1774","8770"
"1775","8743"
"1776","1802"
"1778","7386"
"1779","3586"
"1779","7107"
"1780","3961"
"1782","2879"
"1782","4947"
"1782","1240"
"1784","6111"
"1784","6499"
"1785","8470"
"1786","8613"
"1786","16"
"1786","5307"
"1787","450"
"1788","1386"
"1788","1543"
"1788","3288"
"1789","3148"
"1789","978"
"1789","2893"
"1791","666"
"1791","5514"
"1793","8783"
"1793","1177"
"1794","4714"
"1794","1026"
"1795","5161"
"1796","6010"
"1796","3804"
"1799","4748"
"1800","7303"
"1800","7394"
"1802","347"
"1802","3199"
"1802","3430"
"1803","5944"
"1804","4128"
"1804","1451"
"1804","8265"
"1806","4953"
"1807","1531"
"1807","3359"
"1808","2374"
"1809","6824"
"1809","2865"
"1810","6170"
"1810","8980"
"1810","6012"
"1812","5723"
"1812","5911"
"1812","5386"
"1813","1286"
"1813","4351"
"1815","318"
"1816","8345"
"1816","8726"
"1816","8530"
"1817","5653"
"1820","5788"
"1820","8456"
"1821","4340"
"1822","5881"
"1822","6572"
"1823","1315"
"1823","986"
"1824","5094"
"1824","8143"
"1824","1373"
"1826","1200"
"1826","7630"
"1827","6911"
"1829","2897"
"1830","4128"
"1832","8631"
"1834","431"
"1835","3292"
"1836","1718"
"1837","6153"
"1837","1152"
"1837","876"
"1838","4663"
"1839","3400"
"1839","7613"
"1839","635"
"1841","3473"
"1841","2096"
"1841","3012"
"1842","191"
"1842","3189"
"1843","4693"
"1844","243"
"1845","425"
"1845","1654"
"1846","377"
"1847","435"
"1847","2164"
"1847","324"
"1848","8815"
"1849","4690"
"1850","1698"
"1851","6656"
"1852","1135"
"1853","3002"
"1856","3706"
"1856","1873"
"1857","4011"
"1857","7898"
"1858","4591"
"1859","5491"
"1860","3983"
"1860","1907"
"1860","7928"
"1862","4737"
"1862","5998"
"1862","1584"
"1863","5217"
"1865","1143"
"1865","4687"
"1865","4246"
"1866","6734"
"1867","3294"
"1867","8712"
"1867","6019"
"1868","6375"
"1870","2331"
"1870","7152"
"1871","2754"
"1871","2591"
"1872","234"
"1875","2168"
"1877","1785"
"1877","2997"
"1877","5621"
"1878","6085"
"1879","6166"
"1881","504"
"1882","8575"
"1883","1658"
"1884","3206"
"1887","4005"
"1888","6820"
"1888","2180"
"1889","4462"
"1889","4723"
"1889","5977"
"1891","5330"
"1891","8404"
"1892","8139"
"1892","7707"
"1892","2137"
"1893","4847"
"1894","3705"
"1895","3192"
"1895","7485"
"1895","8535"
"1897","3816"
"1900","5806"
"1902","433"
"1903","8447"
"1903","8755"
"1904","6447"
"1904","8819"
"1904","1777"
"1905","1791"
"1907","8493"
"1907","6889"
"1907","8487"
"1908","2197"
"1908","3348"
"1909","389"
"1909","4948"
"1909","4116"
"1910","7519"
"1911","7887"
"1911","2294"
"1911","1056"
"1912","3507"
"1912","6469"
"1912","7477"
"1913","7534"
"1915","8260"
"1916","8809"
"1917","5420"
"1918","7017"
"1918","1627"
"1920","8777"
"1921","2939"
"1921","1203"
"1921","3302"
"1922","4491"
"1922","4598"
"1924","4252"
"1925","8357"
"1926","3048"
"1926","8751"
"1927","7061"
"1927","1926"
"1927","1977"
"1928","1997"
"1930","1002"
"1931","8134"
"1934","8231"
"1935","6065"
"1937","1304"
"1937","4807"
"1938","801"
"1941","3452"
"1942","1294"
"1942","1311"
"1942","7595"
"1944","3171"
"1948","2514"
"1949","2860"
"1949","6986"
"1949","3243"
"1950","8446"
"1950","610"
"1950","1043"
"1951","3540"
"1951","4773"
"1952","4041"
"1952","8402"
"1952","2055"
"1953","3425"
"1953","8472"
"1954","7823"
"1955","5554"
"1955","5364"
"1956","2324"
"1957","2828"
"1958","5240"
"1958","2726"
"1958","5925"
"1959","807"
"1959","6374"
"1959","3760"
"1960","5605"
"1960","2848"
"1961","7846"
"1961","7296"
"1962","5616"
"1962","3398"
"1963","993"
"1964","2311"
"1964","2772"
"1964","6159"
"1965","1887"
"1965","4566"
"1967","2615"
"1967","8182"
"1967","1961"
"1968","884"
"1968","5187"
"1968","8213"
"1969","2621"
"1969","7275"
"1969","6230"
"1970","3336"
"1970","4340"
"1970","8848"
"1971","4623"
"1971","948"
"1971","4290"
"1972","2283"
"1973","2771"
"1975","6441"
"1976","4881"
"1976","7853"
"1976","5304"
"1977","2935"
"1979","6314"
"1979","32"
"1980","8604"
"1980","5480"
"1980","5331"
"1981","911"
"1981","1984"
"1981","2358"
"1982","2300"
"1982","1950"
"1982","3824"
"1983","5947"
"1983","2415"
"1983","4989"
"1984","4609"
"1984","5351"
"1984","2568"
"1985","4315"
"1986","8950"
"1986","7285"
"1987","2730"
"1988","8973"
"1988","6626"
"1989","6342"
"1991","7077"
"1991","6751"
"1991","5513"
"1992","1692"
"1994","192"
"1995","4620"
"1997","7627"
"1997","4271"
"2000","8030"
"2001","3023"
"2002","5955"
"2002","1091"
"2002","3978"
"2003","8430"
"2003","8615"
"2003","7649"
"2004","6698"
"2005","3298"
"2008","2500"
"2008","3744"
"2008","8579"
"2009","3403"
"2009","3373"
"2010","736"
"2010","6164"
"2010","8318"
"2011","580"
"2013","1736"
"2013","8162"
"2013","4851"
"2014","4472"
"2015","3710"
"2016","6137"
"2016","2562"
"2017","3971"
"2017","4646"
"2017","497"
"2018","1048"
"2018","2815"
"2019","3438"
"2019","8218"
"2019","7007"
"2022","6412"
"2022","2298"
"2022","7233"
"2023","6365"
"2024","971"
"2024","6652"
"2025","8903"
"2025","4147"
"2026","827"
"2026","4731"
"2026","4614"
"2028","8929"
"2028","4573"
"2029","1320"
"2029","2922"
"2029","8856"
"2030","454"
"2030","5841"
"2030","3171"
"2031","7976"
"2031","8450"
"2031","23"
"2032","2638"
"2032","1912"
"2033","1358"
"2034","5280"
"2035","3792"
"2035","1428"
"2036","945"
"2037","4413"
"2038","8868"
"2038","2215"
"2039","5992"
"2039","5186"
"2040","4390"
"2040","6371"
"2041","160"
"2041","5239"
"2042","6014"
"2043","8631"
"2043","5470"
"2043","496"
"2044","5861"
"2044","877"
"2047","6839"
"2048","5859"
"2049","3921"
"2049","7718"
"2050","3657"
"2053","1608"
"2053","5435"
"2055","5847"
"2056","708"
"2057","7236"
"2057","5744"
"2057","1877"
"2059","7933"
"2060","6986"
"2061","1148"
"2061","2934"
"2062","2921"
"2063","3912"
"2063","1782"
"2063","908"
"2064","7284"
"2064","2462"
"2064","208"
"2067","3243"
"2067","1047"
"2067","6042"
"2068","1647"
"2069","689"
"2070","5692"
"2070","3498"
"2071","8858"
"2072","4409"
"2072","6312"
"2072","8278"
"2073","3316"
"2073","4138"
"2073","2271"
"2075","8247"
"2075","8479"
"2075","4972"
"2076","105"
"2077","4169"
"2078","5129"
"2078","3451"
"2079","6777"
"2079","5688"
"2080","1173"
"2081","4787"
"2082","5219"
"2082","1469"
"2082","969"
"2083","4638"
"2083","2931"
"2084","7469"
"2086","8180"
"2087","1762"
"2087","1881"
"2088","6477"
"2089","1646"
"2090","710"
"2091","8388"
"2092","2136"
"2092","5771"
"2093","8899"
"2094","5587"
"2094","3420"
"2095","4907"
"2097","8419"
"2097","6811"
"2097","1830"
"2098","1596"
"2098","6490"
"2099","2524"
"2099","8250"
"2100","5796"
"2101","591"
"2102","7196"
"2102","1040"
"2103","6876"
"2104","5785"
"2105","8415"
"2106","7172"
"2106","5076"
"2106","4666"
"2107","1119"
"2107","6685"
"2107","6048"
"2108","3172"
"2109","8395"
"2111","7134"
"2111","8954"
"2111","4446"
"2113","7224"
"2114","8812"
"2115","3201"
"2115","8805"
"2117","1965"
"2119","6106"
"2120","1422"
"2121","4677"
"2121","8951"
"2122","4299"
"2122","3644"
"2123","7791"
"2124","6796"
"2126","8890"
"2127","1009"
"2128","1113"
"2129","5359"
"2129","1247"
"2129","2144"
"2130","2271"
"2130","3108"
"2131","5857"
"2131","872"
"2132","8372"
"2133","4910"
"2136","4033"
"2138","5459"
"2139","2524"
"2140","7042"
"2140","4519"
"2141","373"
"2142","1781"
"2142","4748"
"2144","4016"
"2145","5605"
"2146","7489"
"2146","3060"
"2146","6536"
"2147","5938"
"2147","5819"
"2148","4261"
"2148","8999"
"2150","2560"
"2151","2528"
"2152","6141"
"2152","2199"
"2152","780"
"2154","8227"
"2156","8439"
"2156","374"
"2157","202"
"2159","8903"
"2160","7572"
"2161","5535"
"2161","4603"
"2161","2229"
"2162","4929"
"2162","5181"
"2163","2955"
"2164","6295"
"2166","2304"
"2167","1781"
"2169","1664"
"2169","473"
"2170","1927"
"2171","5800"
"2173","5163"
"2173","6569"
"2173","451"
"2174","3405"
"2175","4863"
"2175","7520"
"2175","5434"
"2176","4990"
"2176","3302"
"2176","1125"
"2179","287"
"2180","6130"
"2181","908"
"2182","2655"
"2183","7150"
"2183","4305"
"2183","4706"
"2184","8"
"2184","5130"
"2185","652"
"2185","3214"
"2185","5155"
"2186","8125"
"2186","922"
"2186","7724"
"2187","599"
"2189","7363"
"2189","8723"
"2189","6070"
"2190","3077"
"2190","5900"
"2190","124"
"2191","1577"
"2192","1363"
"2192","5991"
"2192","193"
"2193","5186"
"2194","1996"
"2194","3198"
"2194","954"
"2195","6730"
"2195","2538"
"2195","2480"
"2196","4971"
"2197","7955"
"2197","5022"
"2197","1413"
"2198","5930"
"2199","2124"
"2199","4432"
"2200","6526"
"2200","2560"
"2200","6206"
"2205","7799"
"2206","3503"
"2206","2823"
"2207","6295"
"2207","4827"
"2208","5913"
"2209","6501"
"2209","2849"
"2210","2277"
"2212","2582"
"2212","7101"
"2213","8511"
"2215","8031"
"2215","7362"
"2215","6317"
"2216","8972"
"2218","4964"
"2218","8905"
"2218","6758"
"2220","5222"
"2220","1159"
"2221","4688"
"2222","7481"
"2223","5417"
"2224","5790"
"2224","2327"
"2224","252"
"2226","5564"
"2226","1785"
"2226","2493"
"2228","3205"
"2228","5860"
"2228","1649"
"2229","2430"
"2230","4541"
"2230","6113"
"2232","1044"
"2233","7684"
"2233","3786"
"2235","2880"
"2236","1529"
"2236","1095"
"2236","3961"
"2237","747"
"2238","192"
"2238","1354"
"2239","6681"
"2239","873"
"2239","8543"
"2240","2029"
"2241","3994"
"2241","8843"
"2241","7003"
"2242","1026"
"2242","2967"
"2242","4416"
"2243","8337"
"2243","3220"
"2243","2472"
"2244","2281"
"2244","2498"
"2245","2291"
"2245","6991"
"2246","1995"
"2246","6065"
"2246","5705"
"2247","7274"
"2247","630"
"2248","4468"
"2249","2145"
"2249","3701"
"2249","4564"
"2250","1284"
"2250","4861"
"2253","6685"
"2253","4022"
"2253","760"
"2254","8643"
"2255","1043"
"2255","5548"
"2255","3402"
"2256","7071"
"2257","7769"
"2258","8481"
"2258","3974"
"2260","4472"
"2260","7596"
"2260","7750"
"2261","5175"
"2261","1956"
"2262","30"
"2263","4564"
"2263","8461"
"2263","5883"
"2264","2430"
"2265","3471"
"2266","1983"
"2266","6077"
"2268","800"
"2269","8010"
"2269","3003"
"2269","8827"
"2270","3813"
"2271","3652"
"2271","3613"
"2272","5317"
"2273","5137"
"2273","6765"
"2273","7346"
"2274","2376"
"2274","6007"
"2274","2973"
"2275","3446"
"2276","7414"
"2277","1352"
"2277","685"
"2278","3048"
"2278","7514"
"2279","5262"
"2279","5574"
"2279","374"
"2280","8181"
"2280","3183"
"2281","314"
"2282","7682"
"2282","8904"
"2283","3267"
"2283","6987"
"2283","7794"
"2284","5315"
"2284","8160"
"2285","4400"
"2285","2940"
"2285","5844"
"2288","4391"
"2288","4630"
"2288","569"
"2289","1111"
"2290","901"
"2290","4257"
"2290","1787"
"2291","8251"
"2291","7504"
"2292","437"
"2292","5709"
"2292","4054"
"2293","6245"
"2294","2904"
"2294","833"
"2294","5092"
"2295","6676"
"2297","5272"
"2298","2017"
"2300","6027"
"2301","8829"
"2301","7991"
"2301","2315"
"2302","57"
"2302","2100"
"2302","5636"
"2304","6816"
"2307","2723"
"2308","6987"
"2309","6513"
"2309","984"
"2310","2629"
"2310","5041"
"2311","8509"
"2311","5905"
"2312","5060"
"2312","109"
"2312","6461"
"2313","883"
"2314","1468"
"2315","7319"
"2316","3788"
"2317","5516"
"2317","5438"
"2317","876"
"2319","1751"
"2319","5515"
"2320","6662"
"2320","7595"
"2322","8492"
"2324","1687"
"2324","956"
"2325","6869"
"2328","7412"
"2328","8621"
"2328","1870"
"2329","4762"
"2330","1552"
"2330","5337"
"2330","1328"
"2331","6165"
"2331","5102"
"2332","6606"
"2333","2793"
"2334","2042"
"2334","6882"
"2335","2065"
"2335","3061"
"2335","3162"
"2337","8642"
"2337","2072"
"2338","313"
"2340","4964"
"2341","5007"
"2343","6110"
"2345","6054"
"2345","1674"
"2346","7698"
"2347","835"
"2347","7948"
"2348","1772"
"2348","8977"
"2350","3"
"2351","7403"
"2351","2777"
"2352","2567"
"2352","6263"
"2352","7862"
"2354","762"
"2355","8029"
"2355","6416"
"2356","8647"
"2356","7733"
"2357","2891"
"2358","3978"
"2358","5570"
"2358","2854"
"2359","5190"
"2360","1819"
"2360","83"
"2360","642"
"2361","7632"
"2361","4857"
"2362","3617"
"2362","5036"
"2362","307"
"2363","3046"
"2364","7159"
"2364","8557"
"2365","365"
"2366","469"
"2367","3020"
"2368","8457"
"2368","2935"
"2368","7095"
"2370","7433"
"2370","5994"
"2371","59"
"2371","4007"
"2371","2477"
"2372","8491"
"2372","6190"
"2372","8269"
"2373","4028"
"2374","4992"
"2375","6542"
"2375","823"
"2376","6857"
"2376","5142"
"2376","6635"
"2377","2754"
"2378","6199"
"2379","7861"
"2379","1835"
"2380","31"
"2380","1626"
"2381","1371"
"2381","6445"
"2381","4105"
"2382","853"
"2383","3886"
"2383","8407"
"2383","3713"
"2385","6256"
"2385","4649"
"2387","3100"
"2388","6234"
"2388","5712"
"2389","1219"
"2390","4157"
"2391","8682"
"2391","8640"
"2392","8179"
"2392","5565"
"2393","6770"
"2393","8219"
"2393","441"
"2394","3284"
"2395","1008"
"2395","4201"
"2395","1743"
"2397","7351"
"2398","5014"
"2398","5279"
"2398","4378"
"2399","810"
"2400","6828"
"2400","7745"
"2401","5118"
"2402","5789"
"2402","1941"
"2402","4789"
"2404","5146"
"2407","3626"
"2408","7496"
"2408","926"
"2408","4687"
"2409","4419"
"2409","5259"
"2409","7189"
"2410","1961"
"2410","6382"
"2410","7064"
"2411","300"
"2411","5700"
"2413","5363"
"2414","3515"
"2415","4162"
"2416","608"
"2417","8576"
"2417","3579"
"2417","6840"
"2418","1808"
"2419","2543"
"2420","3583"
"2420","5381"
"2420","5133"
"2421","2865"
"2421","7168"
"2421","3333"
"2422","320"
"2422","8063"
"2424","7547"
"2425","2684"
"2426","201"
"2426","3356"
"2428","8079"
"2428","1086"
"2428","7675"
"2429","1255"
"2430","8420"
"2431","1948"
"2432","161"
"2432","6978"
"2432","3839"
"2433","6914"
"2433","6486"
"2435","2830"
"2435","1919"
"2436","927"
"2439","4832"
"2439","2449"
"2439","1573"
"2441","7343"
"2441","4247"
"2442","8376"
"2442","4081"
"2442","7598"
"2443","5974"
"2444","5096"
"2445","5751"
"2446","2982"
"2446","252"
"2447","569"
"2448","2231"
"2448","5327"
"2448","3793"
"2449","2565"
"2449","876"
"2449","2068"
"2450","8454"
"2451","8649"
"2453","112"
"2453","2495"
"2454","1710"
"2455","4215"
"2456","813"
"2457","1673"
"2457","4210"
"2457","6745"
"2458","3585"
"2458","5708"
"2458","7989"
"2459","1168"
"2459","2873"
"2459","2815"
"2460","5747"
"2461","5834"
"2461","2564"
"2461","3181"
"2463","5944"
"2464","7403"
"2464","568"
"2465","2564"
"2465","1132"
"2466","8141"
"2466","161"
"2466","4276"
"2467","5534"
"2467","4143"
"2467","371"
"2468","1875"
"2470","5094"
"2470","4367"
"2470","2244"
"2471","6826"
"2472","2210"
"2473","6646"
"2474","5735"
"2474","4655"
"2474","8326"
"2476","1769"
"2476","2117"
"2477","435"
"2478","916"
"2478","4496"
"2480","6732"
"2480","9000"
"2481","838"
"2483","6236"
"2485","6805"
"2485","3149"
"2486","3976"
"2486","6506"
"2488","7823"
"2488","7475"
"2489","8195"
"2490","2334"
"2491","8707"
"2492","4721"
"2492","7956"
"2493","920"
"2493","5485"
"2493","7012"
"2494","421"
"2495","6744"
"2496","6921"
"2496","4964"
"2497","6897"
"2498","2984"
"2498","4574"
"2499","4064"
"2499","4949"
"2501","6939"
"2502","5008"
"2503","4207"
"2503","7645"
"2504","4739"
"2505","4634"
"2505","359"
"2507","3038"
"2507","2378"
"2508","7522"
"2508","4285"
"2508","4376"
"2509","5101"
"2511","7568"
"2511","809"
"2511","5375"
"2512","995"
"2512","2645"
"2512","3024"
"2513","1614"
"2515","3806"
"2516","8777"
"2517","709"
"2518","6373"
"2519","3299"
"2520","292"
"2521","3413"
"2523","8760"
"2523","6243"
"2523","6884"
"2524","7856"
"2524","2214"
"2525","2573"
"2526","6173"
"2527","8342"
"2527","3655"
"2527","3323"
"2528","1908"
"2530","7235"
"2530","2370"
"2530","1747"
"2532","8965"
"2533","1702"
"2534","4384"
"2535","7357"
"2535","784"
"2535","8477"
"2536","8897"
"2536","5579"
"2536","310"
"2539","1847"
"2539","3002"
"2539","2664"
"2540","6782"
"2540","6287"
"2541","1598"
"2541","6725"
"2544","3485"
"2544","5089"
"2544","2942"
"2545","5133"
"2545","6605"
"2546","653"
"2546","8545"
"2546","8933"
"2547","53"
"2547","3566"
"2547","2711"
"2548","431"
"2549","7426"
"2550","2549"
"2550","903"
"2551","7756"
"2552","8552"
"2552","976"
"2553","938"
"2554","325"
"2555","2720"
"2556","3775"
"2557","5942"
"2558","2805"
"2558","5139"
"2560","8862"
"2562","5158"
"2562","1635"
"2562","1356"
"2563","7653"
"2563","3267"
"2564","2531"
"2566","2154"
"2567","4321"
"2567","4168"
"2567","3177"
"2568","3350"
"2568","8805"
"2569","5102"
"2570","4799"
"2572","3295"
"2572","1810"
"2572","4424"
"2573","8521"
"2574","7999"
"2575","63"
"2576","6881"
"2576","738"
"2576","1624"
"2577","6345"
"2577","6747"
"2577","3267"
"2579","3916"
"2579","6491"
"2579","4709"
"2580","4235"
"2580","6728"
"2581","2029"
"2582","8784"
"2582","2722"
"2582","7178"
"2584","5099"
"2584","408"
"2584","1995"
"2586","1736"
"2586","5388"
"2587","1792"
"2587","4021"
"2588","3402"
"2589","5522"
"2590","8862"
"2590","938"
"2590","3388"
"2591","3678"
"2592","6089"
"2594","5598"
"2594","3003"
"2595","1022"
"2597","2799"
"2597","8654"
"2597","1966"
"2600","7025"
"2601","7077"
"2601","6911"
"2602","3680"
"2602","1009"
"2602","2287"
"2603","8068"
"2604","7292"
"2604","2476"
"2604","7705"
"2605","6541"
"2606","3723"
"2607","1748"
"2608","5372"
"2608","3758"
"2608","8288"
"2610","2761"
"2610","80"
"2610","4309"
"2611","3457"
"2612","2190"
"2612","5037"
"2612","8182"
"2613","8763"
"2613","7524"
"2614","2020"
"2615","6634"
"2616","3721"
"2617","7441"
"2617","7704"
"2617","1635"
"2618","502"
"2618","542"
"2619","1180"
"2621","4927"
"2621","166"
"2621","4450"
"2623","899"
"2624","8828"
"2626","5153"
"2629","5027"
"2629","769"
"2630","8193"
"2631","6996"
"2631","1996"
"2631","8520"
"2632","3358"
"2632","4564"
"2632","1342"
"2633","4651"
"2633","5927"
"2633","3714"
"2634","2288"
"2635","6188"
"2637","7953"
"2638","6343"
"2641","1456"
"2641","2014"
"2641","278"
"2642","7404"
"2643","4032"
"2643","5931"
"2644","8209"
"2644","4777"
"2644","2783"
"2645","1339"
"2645","8196"
"2646","7775"
"2646","6105"
"2647","4418"
"2648","8053"
"2648","4517"
"2649","7957"
"2649","4472"
"2651","5089"
"2651","6437"
"2651","5138"
"2652","6219"
"2652","4421"
"2652","7716"
"2653","8451"
"2656","6271"
"2657","7127"
"2658","4796"
"2658","814"
"2658","1382"
"2661","5978"
"2662","2070"
"2662","3853"
"2662","8637"
"2663","1687"
"2664","3540"
"2664","8835"
"2665","2210"
"2666","1474"
"2666","3365"
"2667","643"
"2667","5621"
"2668","6433"
"2668","1245"
"2669","5662"
"2669","427"
"2669","546"
"2670","1383"
"2670","1783"
"2670","5657"
"2671","2250"
"2672","5304"
"2672","3248"
"2672","56"
"2673","5252"
"2673","6317"
"2674","965"
"2675","6151"
"2676","1524"
"2676","6416"
"2677","5196"
"2677","195"
"2677","5102"
"2679","2921"
"2680","7544"
"2680","6572"
"2680","1433"
"2682","6454"
"2683","1783"
"2684","3898"
"2684","5743"
"2685","4690"
"2687","5538"
"2688","4427"
"2689","2959"
"2689","824"
"2690","8537"
"2690","1346"
"2690","506"
"2691","3898"
"2692","7719"
"2692","5222"
"2692","2922"
"2693","5970"
"2693","2643"
"2694","145"
"2695","5393"
"2695","4467"
"2696","4390"
"2701","6599"
"2701","3125"
"2701","8880"
"2702","7058"
"2702","2011"
"2703","4807"
"2704","7511"
"2705","6268"
"2706","6210"
"2706","3157"
"2707","587"
"2708","7140"
"2708","7514"
"2709","3755"
"2709","1235"
"2709","7740"
"2711","5479"
"2712","4401"
"2714","1215"
"2714","6579"
"2714","5512"
"2715","6102"
"2716","4788"
"2717","4819"
"2717","4912"
"2718","3330"
"2718","2928"
"2719","8365"
"2720","7394"
"2721","2806"
"2722","6075"
"2723","5187"
"2723","2473"
"2723","1934"
"2724","2956"
"2724","6153"
"2724","3924"
"2725","7709"
"2725","5639"
"2726","3170"
"2726","1674"
"2728","3209"
"2729","4740"
"2729","8838"
"2729","2836"
"2730","4914"
"2731","8748"
"2732","3468"
"2735","5339"
"2736","395"
"2736","663"
"2739","2866"
"2739","1019"
"2741","8909"
"2741","6385"
"2742","7833"
"2742","2489"
"2743","7943"
"2744","5150"
"2744","8852"
"2745","2996"
"2747","719"
"2747","8525"
"2747","3680"
"2748","4501"
"2749","8724"
"2749","7164"
"2749","2277"
"2750","3149"
"2750","4782"
"2751","4767"
"2751","6630"
"2751","7936"
"2752","1219"
"2752","8277"
"2753","3175"
"2753","218"
"2753","2011"
"2754","3823"
"2754","6489"
"2755","8994"
"2755","6305"
"2756","2618"
"2757","4790"
"2757","4448"
"2758","8093"
"2759","633"
"2759","6847"
"2759","3096"
"2760","8410"
"2761","8638"
"2761","3843"
"2761","7105"
"2763","6102"
"2764","7466"
"2764","4592"
"2765","6398"
"2765","2452"
"2766","2651"
"2766","8669"
"2766","4572"
"2767","3860"
"2767","4694"
"2767","4929"
"2768","8035"
"2768","548"
"2770","6320"
"2771","917"
"2772","5061"
"2772","985"
"2773","6178"
"2773","6459"
"2773","466"
"2776","8676"
"2778","2064"
"2778","652"
"2778","2045"
"2779","56"
"2779","4055"
"2779","8441"
"2780","7390"
"2781","3752"
"2782","8373"
"2783","6128"
"2784","4397"
"2785","8572"
"2786","686"
"2786","4150"
"2787","6346"
"2787","7836"
"2788","169"
"2789","3040"
"2789","2450"
"2790","6958"
"2790","5759"
"2791","8226"
"2791","3910"
"2791","1838"
"2792","1104"
"2792","1352"
"2793","1240"
"2793","5401"
"2794","5701"
"2794","1589"
"2794","5452"
"2795","8459"
"2795","8467"
"2795","8081"
"2796","4579"
"2797","2331"
"2798","6043"
"2798","5414"
"2798","79"
"2799","5454"
"2800","8432"
"2801","5879"
"2801","430"
"2801","8441"
"2802","5769"
"2803","7439"
"2804","8655"
"2804","5561"
"2805","521"
"2805","1295"
"2805","8395"
"2806","8894"
"2807","7149"
"2807","6753"
"2808","5992"
"2809","8695"
"2809","1619"
"2809","1644"
"2810","7026"
"2810","7772"
"2810","6585"
"2812","7844"
"2813","355"
"2814","7180"
"2816","4635"
"2816","856"
"2817","667"
"2817","807"
"2817","3490"
"2818","605"
"2818","1739"
"2820","367"
"2821","1644"
"2822","5435"
"2823","2574"
"2824","8410"
"2825","2912"
"2827","4846"
"2828","964"
"2828","1646"
"2829","7435"
"2832","5267"
"2833","1793"
"2834","2467"
"2835","6249"
"2835","3493"
"2836","3158"
"2836","6236"
"2837","2860"
"2837","3649"
"2837","413"
"2838","8945"
"2839","4707"
"2839","4341"
"2840","2056"
"2841","122"
"2842","4272"
"2842","6387"
"2842","208"
"2844","6345"
"2845","3610"
"2845","7264"
"2846","304"
"2848","6081"
"2848","4064"
"2849","392"
"2849","6038"
"2851","897"
"2851","8181"
"2852","908"
"2853","5793"
"2853","8004"
"2854","1738"
"2854","4307"
"2854","3626"
"2855","86"
"2857","448"
"2858","6673"
"2860","5244"
"2861","2664"
"2861","8448"
"2861","2240"
"2862","2501"
"2862","2153"
"2862","8241"
"2863","2169"
"2863","2546"
"2863","4913"
"2864","8006"
"2864","1300"
"2866","1616"
"2867","1007"
"2868","5019"
"2870","5341"
"2871","4807"
"2871","1758"
"2873","4451"
"2873","6938"
"2873","5690"
"2874","8494"
"2874","5190"
"2875","5197"
"2875","8463"
"2877","8040"
"2879","5288"
"2879","1768"
"2879","3501"
"2880","5119"
"2880","804"
"2880","5990"
"2882","1747"
"2882","1204"
"2884","6376"
"2884","4541"
"2884","1331"
"2886","4510"
"2886","5363"
"2887","1011"
"2887","8321"
"2887","7036"
"2888","3325"
"2889","524"
"2890","4353"
"2891","4610"
"2891","8695"
"2892","754"
"2893","7715"
"2893","5272"
"2893","6663"
"2894","7212"
"2894","5468"
"2896","6525"
"2896","7283"
"2897","7066"
"2897","3206"
"2898","6360"
"2898","731"
"2899","2434"
"2900","5864"
"2901","1155"
"2901","1943"
"2901","1013"
"2902","5636"
"2903","6165"
"2903","1088"
"2903","5445"
"2906","3750"
"2907","4040"
"2908","2887"
"2909","5694"
"2909","11"
"2909","1335"
"2910","1876"
"2910","1912"
"2912","8368"
"2912","118"
"2913","861"
"2913","1920"
"2914","1311"
"2914","4288"
"2914","6604"
"2915","6615"
"2915","6982"
"2917","4401"
"2918","2683"
"2920","2417"
"2921","1623"
"2922","6588"
"2925","3499"
"2925","2763"
"2925","5568"
"2926","5774"
"2927","8152"
"2927","3077"
"2928","7145"
"2929","3564"
"2929","1973"
"2930","5351"
"2931","369"
"2932","8109"
"2932","8061"
"2932","1763"
"2934","4158"
"2937","2240"
"2937","8339"
"2938","4726"
"2938","5420"
"2938","8010"
"2939","239"
"2939","6922"
"2940","8394"
"2940","1640"
"2941","3681"
"2941","2634"
"2941","7627"
"2943","8441"
"2944","2546"
"2944","2489"
"2945","1329"
"2946","3107"
"2946","223"
"2946","8185"
"2948","8547"
"2948","5515"
"2949","1546"
"2949","928"
"2951","982"
"2951","2785"
"2951","5491"
"2952","2321"
"2952","232"
"2952","1490"
"2953","8420"
"2954","1637"
"2955","1169"
"2955","7958"
"2956","988"
"2956","2074"
"2957","8855"
"2958","6650"
"2958","3264"
"2959","5451"
"2960","1870"
"2961","8011"
"2962","474"
"2963","2749"
"2964","6413"
"2965","5217"
"2966","2306"
"2967","8068"
"2967","13"
"2967","8710"
"2968","4281"
"2968","7472"
"2969","4006"
"2970","87"
"2970","5801"
"2970","1437"
"2972","6599"
"2972","4392"
"2972","3555"
"2973","5018"
"2973","4950"
"2974","5457"
"2974","3389"
"2975","8712"
"2977","1957"
"2977","4037"
"2981","8183"
"2981","5626"
"2981","5829"
"2982","7471"
"2982","3282"
"2982","6344"
"2984","4387"
"2985","8283"
"2986","8820"
"2987","4335"
"2988","8685"
"2989","6879"
"2989","6711"
"2989","4046"
"2990","3442"
"2991","1738"
"2991","6833"
"2992","1158"
"2992","4520"
"2992","2297"
"2993","5341"
"2995","1125"
"2995","3335"
"2996","4652"
"2997","8491"
"2998","3433"
"2998","892"
"2998","8"
"2999","2932"
"2999","2005"
"3000","6282"
"3000","3577"
"3001","6965"
"3001","7834"
"3002","94"
"3003","3768"
"3003","897"
"3003","2287"
"3004","4342"
"3005","6057"
"3007","8568"
"3007","7714"
"3008","6179"
"3009","1750"
"3009","7327"
"3009","3602"
"3010","8869"
"3012","5903"
"3013","4029"
"3014","4148"
"3015","4434"
"3017","3009"
"3018","314"
"3018","6720"
"3018","5"
"3019","3412"
"3020","2422"
"3022","8924"
"3022","1622"
"3022","2958"
"3023","7030"
"3024","493"
"3025","8340"
"3025","6378"
"3027","766"
"3027","6941"
"3029","6693"
"3030","2579"
"3031","4276"
"3031","8359"
"3031","5120"
"3033","7868"
"3034","7963"
"3034","6945"
"3035","8683"
"3035","4907"
"3035","7533"
"3036","757"
"3036","4602"
"3036","4993"
"3037","7964"
"3038","767"
"3038","1564"
"3039","6412"
"3039","7128"
"3040","8465"
"3041","1053"
"3042","8858"
"3042","1452"
"3042","1391"
"3043","8751"
"3044","8720"
"3045","4639"
"3045","418"
"3046","8806"
"3046","5388"
"3047","8636"
"3048","8132"
"3048","8718"
"3048","1217"
"3049","368"
"3049","8"
"3050","8833"
"3050","1307"
"3051","3546"
"3051","598"
"3053","2054"
"3053","3995"
"3053","8403"
"3054","7822"
"3055","611"
"3056","8449"
"3056","637"
"3057","4644"
"3057","8367"
"3057","284"
"3058","710"
"3059","7327"
"3061","5094"
"3061","5233"
"3062","1889"
"3063","4977"
"3064","6514"
"3064","3698"
"3064","5172"
"3065","8118"
"3067","6120"
"3068","2423"
"3068","1998"
"3068","1426"
"3069","2582"
"3070","907"
"3071","6767"
"3071","8974"
"3071","574"
"3074","5617"
"3074","8532"
"3074","5814"
"3075","6223"
"3076","8708"
"3077","3795"
"3078","1575"
"3078","3300"
"3079","5830"
"3080","4861"
"3081","1101"
"3083","1724"
"3084","2764"
"3085","3851"
"3086","4515"
"3086","1031"
"3087","4135"
"3087","3034"
"3087","7348"
"3088","3945"
"3088","1418"
"3088","6525"
"3089","4726"
"3089","1483"
"3089","5213"
"3090","8524"
"3090","3772"
"3090","8547"
"3092","6579"
"3093","2090"
"3093","4483"
"3094","2412"
"3094","7706"
"3095","4410"
"3098","5890"
"3099","6161"
"3100","8834"
"3101","2238"
"3102","4893"
"3103","3522"
"3104","673"
"3105","3781"
"3106","4175"
"3106","3722"
"3108","6516"
"3108","6946"
"3108","8122"
"3109","8532"
"3109","5286"
"3109","350"
"3111","7530"
"3111","5027"
"3112","4899"
"3113","1079"
"3115","1940"
"3116","2770"
"3117","3894"
"3118","375"
"3118","2897"
"3120","8317"
"3122","4057"
"3123","3225"
"3123","8331"
"3123","29"
"3124","6902"
"3124","3733"
"3124","5008"
"3125","60"
"3126","8659"
"3126","4411"
"3126","692"
"3127","6049"
"3127","1233"
"3128","2796"
"3128","1420"
"3129","668"
"3129","1390"
"3130","4550"
"3130","7984"
"3130","3999"
"3132","7771"
"3132","3627"
"3132","791"
"3133","6153"
"3133","5865"
"3133","37"
"3134","6683"
"3135","5539"
"3136","2343"
"3138","5876"
"3140","8363"
"3141","8784"
"3141","3269"
"3141","31"
"3142","1981"
"3142","5769"
"3143","8510"
"3143","8294"
"3143","5600"
"3145","2389"
"3146","4416"
"3146","6185"
"3148","2787"
"3148","4010"
"3148","2426"
"3149","7212"
"3150","7762"
"3151","2061"
"3152","1417"
"3152","2467"
"3152","6667"
"3154","1371"
"3155","1810"
"3156","3165"
"3157","7234"
"3157","5044"
"3157","8300"
"3158","1344"
"3159","8994"
"3159","8287"
"3159","4020"
"3160","8021"
"3160","5487"
"3161","3384"
"3161","5298"
"3164","7356"
"3164","7810"
"3167","6205"
"3167","188"
"3169","7713"
"3169","4783"
"3170","7891"
"3170","4330"
"3171","5170"
"3171","2233"
"3172","688"
"3173","1030"
"3174","872"
"3175","7683"
"3177","1915"
"3177","5002"
"3178","5122"
"3179","1652"
"3180","1932"
"3181","312"
"3183","2129"
"3185","8915"
"3187","1091"
"3189","492"
"3189","222"
"3192","2683"
"3192","7809"
"3193","5185"
"3194","264"
"3194","3057"
"3194","7968"
"3197","593"
"3198","1323"
"3198","4"
"3200","6456"
"3201","6849"
"3201","2010"
"3202","6272"
"3203","2447"
"3204","605"
"3204","6658"
"3205","7219"
"3205","2804"
"3206","3936"
"3206","1738"
"3206","5307"
"3207","215"
"3207","499"
"3207","1216"
"3209","999"
"3211","8093"
"3211","1179"
"3213","6105"
"3215","7692"
"3215","4724"
"3215","2737"
"3216","6601"
"3217","8179"
"3217","2903"
"3219","5912"
"3220","2720"
"3222","2053"
"3223","45"
"3223","913"
"3224","2980"
"3224","2075"
"3224","8998"
"3226","5699"
"3226","4168"
"3226","1682"
"3227","7904"
"3228","4873"
"3229","3759"
"3230","6729"
"3230","8185"
"3231","5050"
"3233","7823"
"3233","4172"
"3237","6686"
"3238","6970"
"3238","1281"
"3239","8886"
"3240","6808"
"3240","660"
"3240","8821"
"3242","2757"
"3243","3935"
"3244","8407"
"3245","5581"
"3245","6597"
"3245","4735"
"3246","4322"
"3247","6600"
"3247","5780"
"3248","3427"
"3248","2082"
"3249","4678"
"3249","1453"
"3250","7906"
"3253","3204"
"3253","8485"
"3254","5832"
"3254","7289"
"3256","280"
"3257","1293"
"3258","3765"
"3258","3159"
"3259","8987"
"3261","8311"
"3262","6824"
"3263","7947"
"3263","7935"
"3263","1679"
"3265","8387"
"3265","846"
"3265","704"
"3266","616"
"3266","2778"
"3267","2340"
"3268","5636"
"3269","3170"
"3269","5728"
"3269","6342"
"3270","330"
"3271","2526"
"3274","8563"
"3276","5516"
"3276","4340"
"3277","8756"
"3277","564"
"3277","7931"
"3278","8418"
"3278","6378"
"3279","3778"
"3280","3933"
"3280","5436"
"3280","4349"
"3281","3507"
"3282","1881"
"3283","7975"
"3284","3415"
"3284","8538"
"3285","5801"
"3285","2573"
"3286","6917"
"3287","6647"
"3289","1894"
"3289","5607"
"3289","8773"
"3290","7498"
"3291","1230"
"3292","8062"
"3294","2038"
"3294","1095"
"3294","3072"
"3295","1781"
"3295","7527"
"3295","6930"
"3296","6466"
"3297","7711"
"3297","2546"
"3298","3280"
"3299","7117"
"3300","2831"
"3302","8934"
"3303","7695"
"3304","3516"
"3304","7219"
"3306","2273"
"3306","5301"
"3307","2172"
"3308","1900"
"3308","5741"
"3308","654"
"3309","8062"
"3309","4149"
"3309","1730"
"3310","8176"
"3310","792"
"3312","5805"
"3313","2692"
"3314","2325"
"3315","4638"
"3315","77"
"3316","4598"
"3316","2069"
"3316","7059"
"3318","6530"
"3318","3811"
"3318","3967"
"3319","6719"
"3320","6760"
"3320","8453"
"3321","5649"
"3322","1594"
"3322","2028"
"3323","7173"
"3324","8845"
"3324","6478"
"3325","5331"
"3326","3915"
"3327","6802"
"3328","235"
"3328","2708"
"3329","1711"
"3329","3068"
"3329","6933"
"3330","5498"
"3330","7996"
"3330","5349"
"3331","8864"
"3331","8381"
"3331","6698"
"3332","5846"
"3332","6117"
"3333","422"
"3333","1624"
"3334","938"
"3334","3242"
"3335","7387"
"3335","3142"
"3338","474"
"3338","5002"
"3338","8126"
"3339","7945"
"3339","3249"
"3339","2625"
"3340","3815"
"3341","4143"
"3342","2018"
"3342","3484"
"3343","2429"
"3345","8247"
"3348","109"
"3349","2809"
"3350","8600"
"3350","3435"
"3351","8071"
"3351","2775"
"3352","6964"
"3353","2750"
"3353","4145"
"3354","2429"
"3354","2202"
"3354","8441"
"3355","5728"
"3357","853"
"3358","5931"
"3358","6310"
"3360","226"
"3361","7564"
"3362","8879"
"3362","6247"
"3363","5031"
"3363","5212"
"3364","623"
"3364","1817"
"3364","3380"
"3365","7679"
"3365","6534"
"3366","6375"
"3366","4142"
"3366","639"
"3367","3362"
"3368","2883"
"3369","2643"
"3369","4862"
"3370","224"
"3370","1066"
"3371","3573"
"3372","974"
"3374","1322"
"3374","5322"
"3374","1018"
"3375","2262"
"3376","6838"
"3376","2708"
"3378","1321"
"3378","4580"
"3378","4488"
"3379","4866"
"3380","2543"
"3380","5910"
"3380","6234"
"3381","8109"
"3384","4462"
"3385","391"
"3386","72"
"3386","8921"
"3387","2738"
"3388","2333"
"3388","3387"
"3388","5927"
"3389","1620"
"3391","6483"
"3391","8024"
"3392","2250"
"3392","7626"
"3392","2012"
"3393","5748"
"3393","1637"
"3393","4612"
"3395","6522"
"3396","79"
"3396","8459"
"3396","3318"
"3397","2315"
"3398","5045"
"3403","4147"
"3404","3881"
"3405","2832"
"3407","86"
"3408","7850"
"3409","652"
"3409","7773"
"3412","8067"
"3412","995"
"3413","5573"
"3414","7312"
"3415","8228"
"3415","4034"
"3416","1068"
"3417","7521"
"3419","29"
"3419","3871"
"3420","2904"
"3420","1295"
"3421","8462"
"3421","5116"
"3421","7921"
"3422","8695"
"3422","358"
"3422","5289"
"3423","2123"
"3424","5707"
"3425","6004"
"3426","3509"
"3426","3222"
"3427","6810"
"3428","3347"
"3429","3409"
"3429","2722"
"3429","4429"
"3430","3223"
"3431","6202"
"3431","3413"
"3432","7681"
"3432","2889"
"3432","2973"
"3435","4555"
"3435","906"
"3436","8214"
"3436","3334"
"3436","641"
"3437","5570"
"3437","8754"
"3438","3771"
"3440","4296"
"3440","4740"
"3440","5953"
"3441","4757"
"3441","6999"
"3443","302"
"3444","5308"
"3444","2237"
"3444","2464"
"3445","3551"
"3446","7985"
"3446","722"
"3446","6467"
"3447","524"
"3448","3567"
"3448","483"
"3448","8366"
"3449","5178"
"3449","8031"
"3449","5334"
"3450","7904"
"3450","560"
"3451","3056"
"3452","876"
"3452","3184"
"3453","5022"
"3453","5860"
"3453","6708"
"3454","3134"
"3455","4392"
"3455","6391"
"3457","3858"
"3457","6099"
"3458","2958"
"3459","8984"
"3461","718"
"3462","2067"
"3462","1590"
"3462","3477"
"3463","1991"
"3464","7411"
"3465","32"
"3465","8200"
"3466","855"
"3466","8404"
"3467","640"
"3469","7114"
"3469","8600"
"3469","6669"
"3470","3920"
"3471","8754"
"3473","328"
"3473","8748"
"3473","3873"
"3476","1885"
"3479","1440"
"3482","1298"
"3482","201"
"3484","1954"
"3484","7950"
"3484","6690"
"3485","824"
"3485","4625"
"3486","1849"
"3486","1931"
"3486","3494"
"3487","1244"
"3488","4741"
"3489","4943"
"3490","3976"
"3491","5684"
"3492","3152"
"3492","1291"
"3493","2191"
"3495","2746"
"3496","2179"
"3497","1375"
"3498","430"
"3499","8311"
"3499","1952"
"3499","8850"
"3501","8163"
"3502","5735"
"3502","7673"
"3502","4647"
"3503","1475"
"3504","2191"
"3507","5461"
"3507","7032"
"3508","7948"
"3509","4783"
"3509","2426"
"3510","5527"
"3512","1494"
"3512","6656"
"3513","677"
"3516","8591"
"3517","7819"
"3517","825"
"3518","8297"
"3520","4362"
"3520","1861"
"3520","5341"
"3521","1173"
"3521","8161"
"3524","6450"
"3524","6197"
"3524","6106"
"3526","7708"
"3526","3386"
"3527","436"
"3527","1746"
"3528","5187"
"3529","5666"
"3530","1964"
"3530","6396"
"3530","4794"
"3531","2744"
"3534","8779"
"3534","6289"
"3534","3857"
"3536","5414"
"3536","6253"
"3536","2414"
"3537","2997"
"3537","4923"
"3537","2726"
"3538","6949"
"3539","8823"
"3539","2366"
"3539","6521"
"3541","2543"
"3542","3882"
"3543","3812"
"3546","224"
"3548","4175"
"3549","83"
"3550","1544"
"3550","7186"
"3550","8052"
"3551","8975"
"3552","2175"
"3554","2384"
"3554","5303"
"3554","2107"
"3555","4173"
"3555","2469"
"3556","5337"
"3557","3470"
"3558","2482"
"3558","8695"
"3562","4910"
"3563","8162"
"3563","8192"
"3564","3508"
"3565","7652"
"3566","6058"
"3566","6163"
"3568","2767"
"3569","921"
"3571","2381"
"3571","408"
"3571","875"
"3572","7080"
"3573","2477"
"3573","841"
"3573","1387"
"3574","702"
"3574","7668"
"3575","7282"
"3576","8391"
"3578","6226"
"3578","2348"
"3580","2455"
"3580","8338"
"3580","2832"
"3581","452"
"3582","961"
"3583","3887"
"3583","3958"
"3584","8307"
"3584","8065"
"3584","3929"
"3586","7925"
"3586","7935"
"3587","2636"
"3587","1847"
"3589","8653"
"3591","7181"
"3591","947"
"3592","563"
"3592","7956"
"3593","1933"
"3594","4002"
"3594","5411"
"3595","152"
"3596","8239"
"3596","4649"
"3597","7893"
"3597","7482"
"3597","8658"
"3598","3253"
"3598","5014"
"3601","4169"
"3601","2834"
"3601","1080"
"3602","7927"
"3603","3698"
"3604","3091"
"3605","8801"
"3606","4565"
"3607","7199"
"3608","386"
"3608","1527"
"3610","244"
"3611","8189"
"3611","1775"
"3611","2056"
"3612","1729"
"3612","695"
"3613","3074"
"3613","930"
"3613","3055"
"3614","6112"
"3614","5474"
"3615","2972"
"3615","4632"
"3615","1701"
"3616","882"
"3617","8605"
"3617","309"
"3617","8377"
"3618","2177"
"3618","7257"
"3619","717"
"3619","4228"
"3620","3259"
"3620","3613"
"3620","27"
"3621","1549"
"3621","5191"
"3622","1244"
"3624","4734"
"3625","5023"
"3625","5002"
"3626","4209"
"3627","9"
"3628","6194"
"3630","2788"
"3632","5286"
"3632","1946"
"3632","5067"
"3633","4256"
"3635","1468"
"3635","4309"
"3635","8135"
"3636","7426"
"3636","3349"
"3636","5931"
"3637","308"
"3638","2856"
"3639","8951"
"3640","4106"
"3641","8546"
"3642","3004"
"3642","5325"
"3644","4165"
"3645","2351"
"3645","4263"
"3646","6503"
"3646","1693"
"3648","27"
"3648","7342"
"3648","6712"
"3650","6550"
"3652","8509"
"3653","4144"
"3655","5609"
"3657","3973"
"3658","427"
"3658","3381"
"3660","479"
"3661","4100"
"3661","5169"
"3662","7322"
"3662","8670"
"3662","907"
"3664","7194"
"3665","7049"
"3665","5115"
"3666","1444"
"3667","1715"
"3667","6004"
"3669","2081"
"3670","2391"
"3670","8197"
"3670","6113"
"3672","4624"
"3673","2656"
"3673","6172"
"3675","7301"
"3675","1614"
"3675","73"
"3676","7884"
"3676","4620"
"3676","1096"
"3677","8181"
"3678","904"
"3678","7104"
"3679","6860"
"3681","8465"
"3684","3471"
"3685","2223"
"3686","7061"
"3687","4101"
"3688","4371"
"3689","7314"
"3689","7420"
"3689","8666"
"3690","3378"
"3693","3892"
"3694","3563"
"3695","5840"
"3695","2727"
"3695","4509"
"3696","2158"
"3696","1525"
"3696","4151"
"3697","5428"
"3697","1152"
"3697","4101"
"3698","2232"
"3698","7892"
"3698","5723"
"3700","4547"
"3700","1267"
"3702","8929"
"3702","6512"
"3702","4459"
"3703","70"
"3704","7063"
"3705","2346"
"3705","8224"
"3706","4575"
"3706","2777"
"3706","2248"
"3709","2252"
"3710","5971"
"3711","1599"
"3711","5054"
"3711","6902"
"3712","7335"
"3713","4291"
"3713","4919"
"3713","4917"
"3714","6151"
"3715","5923"
"3715","1337"
"3715","7682"
"3716","4226"
"3717","5792"
"3717","6405"
"3717","6760"
"3718","7726"
"3718","5095"
"3719","3751"
"3720","3776"
"3721","8609"
"3722","7265"
"3722","6623"
"3722","428"
"3723","8275"
"3723","1187"
"3723","2546"
"3724","7579"
"3724","8029"
"3724","5490"
"3725","1377"
"3726","5895"
"3726","2135"
"3727","7020"
"3727","6882"
"3728","5853"
"3728","8827"
"3728","5770"
"3729","2388"
"3729","7092"
"3729","5871"
"3730","7289"
"3730","2649"
"3730","1447"
"3731","1531"
"3731","7518"
"3731","2410"
"3733","458"
"3733","2446"
"3734","6548"
"3734","6471"
"3735","1443"
"3738","8873"
"3739","2244"
"3740","8632"
"3740","3098"
"3741","5206"
"3741","647"
"3741","7658"
"3745","8587"
"3745","3758"
"3745","8095"
"3746","5849"
"3746","3546"
"3746","3460"
"3747","8527"
"3747","8176"
"3748","6554"
"3749","4875"
"3750","4148"
"3750","5471"
"3751","8603"
"3751","3400"
"3751","850"
"3752","5059"
"3752","2452"
"3752","4753"
"3754","4242"
"3754","1901"
"3755","771"
"3755","3225"
"3755","6395"
"3756","8125"
"3757","1367"
"3757","3348"
"3758","4059"
"3759","2007"
"3759","8321"
"3759","56"
"3761","7808"
"3761","8683"
"3762","1694"
"3763","6979"
"3766","7175"
"3766","7564"
"3766","7819"
"3768","2248"
"3768","891"
"3768","4559"
"3769","6307"
"3769","280"
"3769","2313"
"3770","4568"
"3774","8245"
"3775","2841"
"3776","6081"
"3776","4160"
"3776","2607"
"3777","3493"
"3778","8248"
"3779","5403"
"3780","7560"
"3780","5436"
"3781","4532"
"3781","5886"
"3782","1677"
"3784","768"
"3784","5795"
"3784","4434"
"3785","8069"
"3786","281"
"3786","4105"
"3787","7106"
"3788","5990"
"3788","1953"
"3789","606"
"3789","835"
"3790","5513"
"3791","5358"
"3791","2835"
"3791","7653"
"3794","18"
"3796","7083"
"3797","4356"
"3798","3048"
"3798","6334"
"3798","7826"
"3799","7109"
"3799","2686"
"3800","6767"
"3800","8601"
"3801","6924"
"3802","7808"
"3802","6610"
"3802","6439"
"3803","4090"
"3803","4890"
"3803","5753"
"3804","5735"
"3805","3751"
"3805","5558"
"3806","5885"
"3806","2335"
"3806","970"
"3807","5810"
"3808","2871"
"3809","298"
"3810","4637"
"3813","4410"
"3813","4615"
"3817","8179"
"3817","2961"
"3818","6207"
"3818","5217"
"3818","4602"
"3819","194"
"3819","5845"
"3820","4909"
"3820","3947"
"3822","280"
"3822","5072"
"3822","5004"
"3823","4900"
"3823","607"
"3823","5627"
"3824","741"
"3828","4624"
"3829","3740"
"3831","1861"
"3832","8396"
"3835","2032"
"3836","4881"
"3837","7520"
"3838","6352"
"3839","3257"
"3839","3114"
"3839","2660"
"3840","8637"
"3840","7213"
"3840","7937"
"3841","5387"
"3841","4390"
"3842","8030"
"3843","6106"
"3843","6089"
"3843","2047"
"3844","3790"
"3845","2895"
"3846","8799"
"3847","3406"
"3850","1036"
"3853","3497"
"3853","8865"
"3854","1368"
"3855","1029"
"3855","3940"
"3855","6512"
"3856","5677"
"3857","6354"
"3857","1738"
"3857","2778"
"3858","6895"
"3858","8878"
"3860","7688"
"3860","8390"
"3862","4767"
"3863","3536"
"3863","5106"
"3865","1396"
"3865","4550"
"3869","7913"
"3870","1025"
"3871","7525"
"3871","6511"
"3873","4027"
"3874","3827"
"3875","60"
"3875","332"
"3875","6350"
"3877","7013"
"3877","3461"
"3878","4738"
"3879","8589"
"3879","8347"
"3879","4305"
"3880","6548"
"3881","8759"
"3881","7923"
"3881","5798"
"3882","3992"
"3882","6396"
"3883","7489"
"3883","6799"
"3883","4465"
"3884","3924"
"3884","6202"
"3884","7697"
"3885","8198"
"3885","2503"
"3885","1409"
"3886","3979"
"3887","1964"
"3887","256"
"3887","3388"
"3888","633"
"3888","69"
"3888","6040"
"3889","5082"
"3890","2486"
"3890","957"
"3891","7843"
"3892","8023"
"3893","2230"
"3894","2658"
"3895","8748"
"3896","2803"
"3896","269"
"3896","5174"
"3897","2749"
"3897","4469"
"3897","2836"
"3898","4026"
"3898","729"
"3898","3364"
"3899","4894"
"3900","6986"
"3900","2520"
"3901","8698"
"3902","2082"
"3902","1295"
"3904","690"
"3906","8775"
"3907","7549"
"3908","6470"
"3908","3721"
"3910","3795"
"3911","4838"
"3911","5367"
"3912","6652"
"3912","7341"
"3913","501"
"3915","536"
"3915","6097"
"3917","2419"
"3917","7667"
"3918","240"
"3918","4301"
"3918","2602"
"3919","2932"
"3919","3692"
"3919","6055"
"3921","4755"
"3922","4658"
"3923","8529"
"3924","7614"
"3926","6830"
"3926","959"
"3927","8565"
"3928","6893"
"3929","3873"
"3931","7764"
"3931","3479"
"3931","7219"
"3932","6073"
"3932","4668"
"3932","3175"
"3933","6676"
"3934","294"
"3934","2224"
"3934","4143"
"3935","1320"
"3937","18"
"3938","4087"
"3939","5566"
"3940","8084"
"3941","2008"
"3941","8886"
"3941","2709"
"3942","7037"
"3943","5832"
"3944","652"
"3945","5558"
"3946","8899"
"3947","3623"
"3947","4141"
"3947","8335"
"3948","8867"
"3948","1859"
"3949","8053"
"3950","270"
"3950","7655"
"3950","5158"
"3951","7447"
"3953","3305"
"3953","257"
"3954","2245"
"3954","1427"
"3954","5302"
"3956","1829"
"3957","403"
"3958","5472"
"3958","2469"
"3958","4853"
"3959","5027"
"3959","5319"
"3959","3018"
"3960","6553"
"3961","7981"
"3961","6607"
"3962","6988"
"3962","6723"
"3962","317"
"3963","5458"
"3963","6077"
"3963","5674"
"3965","6991"
"3966","7545"
"3966","751"
"3966","7931"
"3967","2442"
"3967","151"
"3969","5767"
"3970","5919"
"3970","8285"
"3970","1333"
"3972","1975"
"3972","2166"
"3973","3014"
"3973","6517"
"3973","1342"
"3975","6897"
"3976","2116"
"3978","1058"
"3979","8093"
"3979","6868"
"3979","730"
"3980","1561"
"3980","5434"
"3980","5930"
"3981","1420"
"3982","7300"
"3983","5893"
"3983","7961"
"3984","4168"
"3984","6057"
"3985","1430"
"3986","46"
"3986","3183"
"3986","1796"
"3987","2857"
"3987","1573"
"3987","2849"
"3989","6141"
"3990","5971"
"3991","8782"
"3993","4944"
"3993","3139"
"3994","5698"
"3994","6390"
"3994","4309"
"3995","4503"
"3996","7498"
"3996","3356"
"4000","6821"
"4003","8204"
"4003","5946"
"4004","6260"
"4005","4166"
"4005","3436"
"4006","1685"
"4006","1544"
"4007","8633"
"4007","8468"
"4007","6931"
"4008","7055"
"4010","575"
"4011","2935"
"4011","6338"
"4012","2786"
"4012","1629"
"4014","2399"
"4014","8195"
"4014","5227"
"4015","7783"
"4016","4196"
"4016","8143"
"4017","8268"
"4018","6383"
"4019","3900"
"4022","5310"
"4026","4330"
"4026","7431"
"4027","3601"
"4028","3920"
"4028","1121"
"4029","7644"
"4030","7657"
"4031","5494"
"4031","6551"
"4031","3194"
"4033","2259"
"4035","6624"
"4036","5343"
"4037","3280"
"4038","8464"
"4038","2490"
"4041","3370"
"4042","8082"
"4042","2717"
"4042","1353"
"4043","749"
"4043","6702"
"4043","5518"
"4044","1929"
"4044","3337"
"4044","1673"
"4045","7249"
"4045","5791"
"4047","8294"
"4048","2976"
"4049","4741"
"4049","6890"
"4050","574"
"4050","4757"
"4052","4022"
"4052","4610"
"4052","706"
"4054","6931"
"4054","6437"
"4055","6250"
"4055","6638"
"4055","2704"
"4056","8027"
"4056","2685"
"4058","4157"
"4058","2094"
"4059","420"
"4059","2111"
"4060","3309"
"4061","4450"
"4061","1080"
"4061","4428"
"4062","1372"
"4062","2033"
"4063","2369"
"4064","7926"
"4064","3094"
"4067","7677"
"4067","8247"
"4067","2124"
"4068","4253"
"4068","4300"
"4069","3502"
"4069","8543"
"4070","1763"
"4071","241"
"4073","870"
"4073","1605"
"4075","1458"
"4076","7603"
"4076","3794"
"4076","272"
"4077","2222"
"4077","7683"
"4078","1694"
"4079","195"
"4080","5826"
"4081","2732"
"4083","5638"
"4086","23"
"4088","7749"
"4089","6480"
"4089","5581"
"4089","1991"
"4090","3662"
"4091","5542"
"4092","8094"
"4096","8229"
"4097","8568"
"4097","1104"
"4097","6387"
"4098","7552"
"4100","6882"
"4101","8930"
"4101","2191"
"4102","1083"
"4103","4487"
"4103","4303"
"4103","8044"
"4104","3731"
"4104","3011"
"4105","8838"
"4109","1107"
"4110","2404"
"4111","3755"
"4112","1004"
"4112","7599"
"4113","673"
"4114","8169"
"4114","3411"
"4115","1295"
"4115","7688"
"4116","3899"
"4116","6111"
"4119","8274"
"4119","5643"
"4119","3957"
"4120","1750"
"4120","1625"
"4121","4940"
"4122","7619"
"4122","5262"
"4124","6127"
"4124","2768"
"4124","5441"
"4125","7297"
"4125","1469"
"4126","6177"
"4127","2574"
"4128","5647"
"4130","46"
"4131","7736"
"4131","5912"
"4132","5668"
"4132","4066"
"4133","1716"
"4135","6379"
"4136","5498"
"4137","243"
"4137","3363"
"4139","6123"
"4140","6611"
"4140","2308"
"4141","5497"
"4142","5056"
"4142","2773"
"4143","7582"
"4144","2696"
"4144","1151"
"4144","317"
"4146","3689"
"4146","5023"
"4148","1331"
"4148","3244"
"4148","8399"
"4149","6301"
"4149","4194"
"4150","804"
"4152","8479"
"4152","5573"
"4153","8347"
"4153","1078"
"4155","8144"
"4156","1539"
"4157","6415"
"4157","2205"
"4159","2868"
"4159","5173"
"4159","6282"
"4160","4836"
"4160","6735"
"4161","2165"
"4162","5430"
"4162","8605"
"4162","3068"
"4163","8980"
"4163","309"
"4164","6088"
"4164","5277"
"4164","8316"
"4165","1724"
"4165","4347"
"4166","2262"
"4167","6297"
"4167","5735"
"4167","2176"
"4169","5688"
"4170","6570"
"4172","3843"
"4172","7414"
"4172","3761"
"4176","845"
"4176","513"
"4177","4983"
"4177","6771"
"4177","1797"
"4178","4805"
"4179","3391"
"4180","5486"
"4180","92"
"4181","8163"
"4181","7534"
"4181","7401"
"4182","4683"
"4183","5850"
"4184","4493"
"4184","2757"
"4185","5446"
"4185","5742"
"4187","5580"
"4187","1489"
"4188","8770"
"4188","5510"
"4189","6741"
"4190","2943"
"4190","8120"
"4190","4160"
"4191","5601"
"4191","236"
"4191","5589"
"4192","1453"
"4193","5380"
"4195","2735"
"4195","7353"
"4195","7920"
"4196","8997"
"4196","7058"
"4197","1762"
"4197","77"
"4197","861"
"4199","6789"
"4200","4917"
"4202","7603"
"4202","3828"
"4202","6427"
"4203","8000"
"4206","6915"
"4206","3082"
"4206","1699"
"4207","2427"
"4209","2956"
"4210","8212"
"4211","5107"
"4211","7586"
"4211","867"
"4213","1644"
"4213","762"
"4213","1578"
"4214","3378"
"4214","1062"
"4214","2517"
"4215","720"
"4216","8202"
"4216","3562"
"4217","6634"
"4217","7270"
"4218","6689"
"4218","6620"
"4218","2472"
"4219","2073"
"4220","2705"
"4220","7172"
"4220","1551"
"4221","117"
"4222","3508"
"4223","6198"
"4224","7244"
"4225","7738"
"4226","7045"
"4227","1829"
"4227","3024"
"4227","471"
"4228","6256"
"4228","4939"
"4229","791"
"4231","5116"
"4231","5476"
"4232","8345"
"4232","2989"
"4232","4629"
"4235","4596"
"4236","8531"
"4237","6836"
"4237","181"
"4237","2486"
"4239","8660"
"4240","453"
"4240","3753"
"4240","4399"
"4241","5621"
"4241","3928"
"4242","4954"
"4242","6480"
"4242","1582"
"4243","5482"
"4244","5068"
"4244","2939"
"4245","2899"
"4246","5680"
"4246","7013"
"4246","3671"
"4248","8271"
"4248","1795"
"4248","8539"
"4249","6090"
"4249","1099"
"4250","8687"
"4250","7864"
"4250","7895"
"4251","623"
"4252","2142"
"4252","2718"
"4252","2053"
"4253","4648"
"4253","4404"
"4254","2057"
"4255","7352"
"4255","423"
"4256","8857"
"4257","2255"
"4258","851"
"4258","4779"
"4258","5796"
"4259","7085"
"4259","2034"
"4259","695"
"4261","3039"
"4261","3682"
"4261","6682"
"4262","2259"
"4262","7927"
"4263","8234"
"4265","1304"
"4267","6895"
"4267","4154"
"4267","4664"
"4268","2824"
"4269","4522"
"4270","5468"
"4271","3993"
"4272","3383"
"4272","1501"
"4273","5813"
"4274","862"
"4274","550"
"4274","1801"
"4275","3410"
"4276","330"
"4278","6954"
"4278","2383"
"4278","6748"
"4279","1121"
"4280","8891"
"4281","3385"
"4281","8110"
"4282","4140"
"4282","3774"
"4283","8444"
"4285","5143"
"4285","6256"
"4285","6211"
"4286","1681"
"4289","3148"
"4289","1904"
"4289","3578"
"4290","289"
"4290","5191"
"4290","1841"
"4291","5397"
"4292","8394"
"4293","2327"
"4293","74"
"4294","1439"
"4295","2770"
"4296","822"
"4296","8120"
"4296","326"
"4297","5254"
"4297","6164"
"4297","1834"
"4298","5685"
"4299","1764"
"4300","2752"
"4300","3790"
"4301","5275"
"4301","8056"
"4301","68"
"4303","4750"
"4303","4404"
"4305","2942"
"4305","5425"
"4306","8543"
"4307","2172"
"4307","8900"
"4307","6923"
"4309","5309"
"4310","5583"
"4311","8008"
"4311","8669"
"4313","6465"
"4315","309"
"4316","3444"
"4316","4526"
"4316","7683"
"4317","2839"
"4317","7647"
"4317","3540"
"4318","8076"
"4318","4454"
"4321","7046"
"4321","3762"
"4325","5682"
"4325","4312"
"4325","1856"
"4326","6804"
"4326","8715"
"4327","2027"
"4327","8979"
"4328","5923"
"4329","4197"
"4329","5549"
"4329","8000"
"4330","2836"
"4331","8100"
"4331","7710"
"4331","1083"
"4332","916"
"4334","2968"
"4334","7888"
"4336","4055"
"4336","105"
"4338","3807"
"4338","8661"
"4339","3695"
"4339","5969"
"4339","1971"
"4340","3795"
"4341","8782"
"4341","7315"
"4341","5454"
"4342","7607"
"4343","4042"
"4345","3328"
"4345","6864"
"4346","21"
"4346","5065"
"4347","199"
"4347","587"
"4348","5996"
"4349","2673"
"4350","7830"
"4350","8072"
"4352","676"
"4352","8556"
"4352","1182"
"4354","2487"
"4354","2447"
"4355","5103"
"4355","4998"
"4355","4415"
"4356","8041"
"4357","3254"
"4357","680"
"4358","5368"
"4359","2706"
"4359","353"
"4359","6500"
"4360","4255"
"4360","5393"
"4361","8119"
"4361","4010"
"4362","7684"
"4362","1573"
"4362","1418"
"4363","1541"
"4363","2692"
"4365","6188"
"4366","8953"
"4367","6287"
"4367","2193"
"4368","7259"
"4369","6861"
"4369","2748"
"4370","683"
"4370","4111"
"4371","8907"
"4373","3557"
"4373","4938"
"4374","8833"
"4376","3226"
"4377","5537"
"4378","5040"
"4379","6679"
"4381","1991"
"4383","1580"
"4383","2694"
"4384","569"
"4386","5266"
"4387","354"
"4388","7821"
"4388","5044"
"4389","2404"
"4390","890"
"4390","6309"
"4391","1476"
"4391","6142"
"4391","7228"
"4393","7388"
"4394","4490"
"4396","1878"
"4396","6509"
"4397","4886"
"4397","8747"
"4398","6503"
"4399","5415"
"4399","5901"
"4399","5259"
"4401","5360"
"4401","3051"
"4401","5295"
"4403","1661"
"4404","19"
"4406","7284"
"4406","4534"
"4406","3773"
"4407","1935"
"4409","3032"
"4410","258"
"4412","6172"
"4412","3233"
"4412","1687"
"4413","7835"
"4414","638"
"4415","4511"
"4415","3175"
"4417","2733"
"4418","2541"
"4418","8601"
"4419","433"
"4419","7918"
"4419","6727"
"4420","2759"
"4421","2713"
"4422","43"
"4423","4678"
"4423","7252"
"4423","5765"
"4424","3383"
"4425","7300"
"4426","849"
"4427","6953"
"4428","7954"
"4429","7549"
"4430","3934"
"4430","7416"
"4432","8737"
"4432","1213"
"4434","8003"
"4435","3287"
"4436","1903"
"4438","6112"
"4438","8336"
"4439","1512"
"4440","8785"
"4441","8701"
"4441","7311"
"4442","1761"
"4443","7176"
"4444","5982"
"4444","7416"
"4444","2398"
"4445","5925"
"4446","1658"
"4446","5970"
"4447","2349"
"4447","131"
"4447","3990"
"4448","3875"
"4449","4960"
"4451","2888"
"4451","1731"
"4452","8094"
"4453","3327"
"4453","8455"
"4454","1535"
"4454","65"
"4454","1941"
"4456","5809"
"4457","2554"
"4457","7351"
"4457","1334"
"4458","6179"
"4459","1608"
"4459","5833"
"4459","7972"
"4461","6282"
"4461","2655"
"4461","1088"
"4462","7965"
"4463","960"
"4463","8319"
"4464","2461"
"4465","6617"
"4465","4921"
"4466","6112"
"4466","8815"
"4466","3386"
"4467","7157"
"4467","3904"
"4467","7469"
"4471","263"
"4472","2015"
"4473","8578"
"4474","7001"
"4475","8434"
"4475","6619"
"4476","376"
"4476","397"
"4478","6668"
"4478","6914"
"4480","1192"
"4480","3729"
"4480","2881"
"4481","1152"
"4482","739"
"4483","813"
"4484","1588"
"4484","3340"
"4485","5263"
"4485","7397"
"4485","1639"
"4486","2913"
"4486","170"
"4488","7642"
"4488","359"
"4488","51"
"4490","2732"
"4490","334"
"4490","5902"
"4491","8367"
"4491","5712"
"4492","3325"
"4492","7456"
"4493","3309"
"4493","3881"
"4493","8429"
"4494","2136"
"4494","4724"
"4495","1458"
"4497","491"
"4499","2557"
"4499","3627"
"4499","5048"
"4500","7969"
"4500","7717"
